total_findings,critical_count,high_count,medium_count,low_count,privileged,root_user,dangerous_capabilities,docker_socket,host_network,host_pid,host_ipc,sensitive_mount,missing_memory_limit,missing_cpu_limit,unsafe_add,possible_secret,remote_shell_download,label
8,1,3,4,0,0,0,1,1,1,0,0,1,1,0,1,1,1,CRITICAL
8,1,2,4,1,0,1,0,1,0,0,1,1,0,1,1,1,1,CRITICAL
5,1,1,2,1,0,1,0,1,0,0,1,0,0,0,0,1,1,MEDIUM
3,0,2,1,0,0,0,1,0,0,1,0,0,0,0,1,0,0,MEDIUM
7,1,2,3,1,0,1,0,1,1,0,0,1,0,1,1,0,1,HIGH
10,1,5,3,1,0,1,1,1,1,1,1,1,0,1,0,1,1,CRITICAL
5,1,2,2,0,1,0,0,0,1,0,1,0,0,1,0,1,0,HIGH
6,1,1,4,0,1,0,0,0,1,0,0,0,0,1,1,1,1,HIGH
7,1,3,3,0,1,0,0,0,1,1,1,0,1,0,1,0,1,CRITICAL
6,1,2,2,1,0,1,1,1,0,0,1,0,1,1,0,0,0,HIGH
8,2,2,3,1,1,1,1,1,0,0,0,1,0,1,1,1,0,CRITICAL
8,1,5,2,0,0,0,1,1,1,1,1,1,0,0,1,0,1,CRITICAL
6,2,0,3,1,1,1,0,1,0,0,0,0,0,0,1,1,1,HIGH
7,2,2,3,0,1,0,1,1,1,0,0,0,0,1,0,1,1,CRITICAL
7,1,3,2,1,1,1,1,0,1,0,0,1,0,1,0,1,0,CRITICAL
4,0,4,0,0,0,0,1,0,1,1,1,0,0,0,0,0,0,HIGH
5,0,2,3,0,0,0,1,0,0,0,1,0,0,0,1,1,1,MEDIUM
4,0,3,1,0,0,0,1,0,0,1,1,0,0,1,0,0,0,MEDIUM
8,1,4,2,1,1,1,1,0,0,1,1,1,0,1,0,0,1,CRITICAL
7,1,4,2,0,0,0,1,1,0,1,1,1,0,1,1,0,0,CRITICAL
2,1,0,1,0,0,0,0,1,0,0,0,0,0,0,0,1,0,MEDIUM
7,1,3,3,0,0,0,1,1,0,0,1,1,1,1,1,0,0,CRITICAL
4,0,2,2,0,0,0,1,0,0,1,0,0,1,0,0,0,1,MEDIUM
1,0,0,0,1,0,1,0,0,0,0,0,0,0,0,0,0,0,LOW
6,2,1,2,1,1,1,0,1,0,0,1,0,0,0,1,0,1,CRITICAL
3,1,1,1,0,0,0,0,1,1,0,0,0,0,1,0,0,0,MEDIUM
7,0,4,3,0,0,0,1,0,1,0,1,1,1,0,1,1,0,CRITICAL
7,1,4,2,0,0,0,1,1,0,1,1,1,1,1,0,0,0,CRITICAL
5,2,0,3,0,1,0,0,1,0,0,0,0,0,1,1,0,1,HIGH
9,2,3,4,0,1,0,1,1,1,0,0,1,1,1,1,0,1,CRITICAL
6,2,1,3,0,1,0,0,1,0,1,0,0,1,1,0,0,1,CRITICAL
9,2,3,4,0,1,0,0,1,1,0,1,1,1,1,1,0,1,CRITICAL
6,1,2,3,0,1,0,1,0,1,0,0,0,0,1,0,1,1,HIGH
2,2,0,0,0,1,0,0,1,0,0,0,0,0,0,0,0,0,CRITICAL
3,0,2,1,0,0,0,0,0,0,1,1,0,0,0,1,0,0,MEDIUM
8,2,3,2,1,1,1,1,1,0,0,1,1,1,0,0,0,1,CRITICAL
7,0,3,3,1,0,1,1,0,1,0,0,1,0,1,1,0,1,HIGH
5,0,1,3,1,0,1,0,0,0,1,0,0,1,1,0,1,0,MEDIUM
8,1,3,3,1,1,1,0,0,1,0,1,1,1,1,1,0,0,CRITICAL
7,2,1,3,1,1,1,0,1,0,0,1,0,0,1,1,1,0,CRITICAL
7,2,1,3,1,1,1,1,1,0,0,0,0,1,1,0,0,1,CRITICAL
5,0,2,3,0,0,0,0,0,0,1,1,0,1,0,1,0,1,MEDIUM
9,1,4,3,1,0,1,1,1,1,1,1,0,1,1,0,1,0,CRITICAL
6,1,1,4,0,0,0,0,1,0,0,0,1,1,1,1,1,0,HIGH
7,1,2,3,1,0,1,0,1,0,1,0,1,0,1,1,0,1,HIGH
5,0,0,5,0,0,0,0,0,0,0,0,0,1,1,1,1,1,MEDIUM
4,1,1,2,0,0,0,1,1,0,0,0,0,0,0,1,0,1,MEDIUM
7,2,2,3,0,1,0,0,1,0,1,0,1,1,1,0,1,0,CRITICAL
7,0,5,2,0,0,0,1,0,1,1,1,1,0,1,1,0,0,CRITICAL
3,1,1,1,0,1,0,0,0,0,1,0,0,0,1,0,0,0,MEDIUM
8,1,2,4,1,1,1,1,0,0,0,0,1,1,0,1,1,1,CRITICAL
7,1,2,3,1,1,1,0,0,0,0,1,1,1,0,1,0,1,HIGH
7,1,3,2,1,1,1,1,0,1,1,0,0,1,0,0,1,0,CRITICAL
1,0,0,0,1,0,1,0,0,0,0,0,0,0,0,0,0,0,LOW
9,1,3,4,1,0,1,1,1,0,1,1,0,0,1,1,1,1,CRITICAL
7,1,2,4,0,0,0,1,1,0,0,1,0,1,1,0,1,1,CRITICAL
6,1,2,2,1,1,1,1,0,0,0,1,0,0,1,1,0,0,HIGH
1,0,0,0,1,0,1,0,0,0,0,0,0,0,0,0,0,0,LOW
7,1,2,3,1,1,1,0,0,0,0,1,1,1,1,0,1,0,HIGH
7,2,2,3,0,1,0,0,1,0,1,1,0,1,0,1,0,1,CRITICAL
3,2,1,0,0,1,0,0,1,0,0,0,1,0,0,0,0,0,HIGH
8,2,3,2,1,1,1,0,1,0,1,1,1,0,1,0,1,0,CRITICAL
0,0,0,0,0,0,0,0,0,0,0,0,0,0,0,0,0,0,SECURE
7,1,2,3,1,1,1,1,0,0,0,1,0,0,1,1,1,0,HIGH
7,1,2,4,0,1,0,1,0,0,0,1,0,1,0,1,1,1,CRITICAL
0,0,0,0,0,0,0,0,0,0,0,0,0,0,0,0,0,0,SECURE
4,1,1,1,1,0,1,0,1,1,0,0,0,0,0,0,0,1,MEDIUM
5,1,3,0,1,0,1,1,1,1,1,0,0,0,0,0,0,0,HIGH
5,0,0,5,0,0,0,0,0,0,0,0,0,1,1,1,1,1,MEDIUM
8,2,5,1,0,1,0,1,1,1,1,1,1,0,0,0,1,0,CRITICAL
5,0,2,3,0,0,0,0,0,0,1,1,0,0,1,1,0,1,MEDIUM
6,0,3,2,1,0,1,0,0,1,1,0,1,0,0,1,0,1,HIGH
4,0,2,2,0,0,0,0,0,0,1,0,1,0,0,1,0,1,MEDIUM
6,2,3,0,1,1,1,1,1,1,0,0,1,0,0,0,0,0,CRITICAL
7,1,1,4,1,1,1,0,0,1,0,0,0,1,1,1,0,1,HIGH
7,2,1,3,1,1,1,1,1,0,0,0,0,1,1,0,1,0,CRITICAL
5,1,2,1,1,0,1,1,1,1,0,0,0,0,0,0,0,1,HIGH
11,2,4,4,1,1,1,1,1,1,1,1,0,1,1,1,1,0,CRITICAL
6,2,2,1,1,1,1,0,1,1,0,0,1,0,0,1,0,0,CRITICAL
1,0,0,0,1,0,1,0,0,0,0,0,0,0,0,0,0,0,LOW
9,1,3,4,1,0,1,1,1,1,0,0,1,1,1,0,1,1,CRITICAL
6,0,4,1,1,0,1,1,0,0,1,1,1,1,0,0,0,0,HIGH
8,1,3,3,1,1,1,0,0,1,1,1,0,0,1,1,0,1,CRITICAL
9,2,1,5,1,1,1,1,1,0,0,0,0,1,1,1,1,1,CRITICAL
6,1,3,2,0,0,0,0,1,1,1,1,0,1,0,0,0,1,CRITICAL
9,2,3,3,1,1,1,1,1,1,1,0,0,0,0,1,1,1,CRITICAL
7,1,3,2,1,0,1,1,1,1,0,1,0,1,0,0,1,0,CRITICAL
4,0,4,0,0,0,0,1,0,1,1,1,0,0,0,0,0,0,HIGH
11,1,5,4,1,0,1,1,1,1,1,1,1,0,1,1,1,1,CRITICAL
7,1,3,3,0,1,0,0,0,1,1,0,1,1,1,0,1,0,CRITICAL
9,0,4,4,1,0,1,1,0,1,0,1,1,0,1,1,1,1,CRITICAL
5,1,2,2,0,1,0,0,0,1,0,1,0,1,1,0,0,0,HIGH
6,2,2,2,0,1,0,0,1,0,1,1,0,0,0,1,0,1,CRITICAL
5,1,2,2,0,0,0,0,1,1,0,0,1,0,0,0,1,1,HIGH
8,1,2,4,1,0,1,1,1,1,0,0,0,1,1,0,1,1,CRITICAL
5,0,2,2,1,0,1,1,0,1,0,0,0,0,1,1,0,0,MEDIUM
8,0,4,4,0,0,0,0,0,1,1,1,1,1,1,0,1,1,CRITICAL
5,1,2,1,1,0,1,0,1,1,0,1,0,0,1,0,0,0,HIGH
3,1,1,1,0,1,0,0,0,0,0,1,0,0,1,0,0,0,MEDIUM
5,1,1,2,1,0,1,0,1,0,0,0,1,1,1,0,0,0,MEDIUM
6,0,3,2,1,0,1,0,0,1,0,1,1,0,1,0,1,0,HIGH
7,2,4,1,0,1,0,1,1,1,0,1,1,0,1,0,0,0,CRITICAL
5,0,0,5,0,0,0,0,0,0,0,0,0,1,1,1,1,1,MEDIUM
8,2,2,3,1,1,1,0,1,0,1,0,1,1,0,0,1,1,CRITICAL
6,1,3,1,1,1,1,1,0,1,0,1,0,0,0,0,1,0,HIGH
6,1,3,2,0,0,0,0,1,0,1,1,1,1,0,0,1,0,CRITICAL
6,0,3,3,0,0,0,0,0,1,0,1,1,0,1,0,1,1,HIGH
7,1,2,3,1,0,1,0,1,1,1,0,0,0,1,1,1,0,HIGH
4,0,4,0,0,0,0,1,0,1,1,1,0,0,0,0,0,0,HIGH
8,1,3,3,1,0,1,0,1,1,1,0,1,0,1,0,1,1,CRITICAL
6,0,2,4,0,0,0,0,0,1,0,0,1,0,1,1,1,1,MEDIUM
9,1,3,5,0,0,0,0,1,1,1,1,0,1,1,1,1,1,CRITICAL
6,1,3,1,1,0,1,1,1,1,0,0,1,0,0,0,1,0,HIGH
7,0,4,3,0,0,0,1,0,1,0,1,1,0,1,1,1,0,CRITICAL
4,1,2,1,0,0,0,1,1,0,1,0,0,0,0,0,0,1,HIGH
0,0,0,0,0,0,0,0,0,0,0,0,0,0,0,0,0,0,SECURE
10,1,4,5,0,1,0,1,0,1,1,0,1,1,1,1,1,1,CRITICAL
10,2,4,3,1,1,1,1,1,1,1,0,1,1,0,0,1,1,CRITICAL
5,1,1,2,1,1,1,0,0,0,1,0,0,0,1,0,0,1,MEDIUM
5,1,2,2,0,0,0,1,1,1,0,0,0,1,0,1,0,0,HIGH
6,2,2,1,1,1,1,1,1,0,0,1,0,0,0,1,0,0,CRITICAL
6,1,3,2,0,0,0,1,1,0,1,1,0,1,0,0,0,1,CRITICAL
8,2,3,3,0,1,0,0,1,1,1,1,0,0,1,0,1,1,CRITICAL
8,2,1,4,1,1,1,0,1,1,0,0,0,1,1,1,0,1,CRITICAL
8,1,3,4,0,0,0,0,1,1,0,1,1,1,0,1,1,1,CRITICAL
6,1,2,2,1,0,1,0,1,1,0,0,1,1,0,0,0,1,HIGH
2,1,0,1,0,1,0,0,0,0,0,0,0,0,0,0,0,1,MEDIUM
2,0,1,1,0,0,0,0,0,0,0,0,1,0,1,0,0,0,LOW
6,1,2,2,1,0,1,0,1,1,0,0,1,1,0,1,0,0,HIGH
10,1,5,3,1,1,1,1,0,1,1,1,1,0,0,1,1,1,CRITICAL
4,1,1,2,0,1,0,0,0,0,1,0,0,1,0,0,0,1,MEDIUM
5,1,3,0,1,0,1,0,1,0,1,1,1,0,0,0,0,0,HIGH
4,1,0,3,0,1,0,0,0,0,0,0,0,1,0,0,1,1,MEDIUM
6,0,3,3,0,0,0,1,0,1,0,0,1,1,0,1,1,0,HIGH
7,2,2,2,1,1,1,1,1,1,0,0,0,1,0,0,0,1,CRITICAL
4,0,3,1,0,0,0,1,0,1,0,1,0,1,0,0,0,0,MEDIUM
7,0,4,3,0,0,0,1,0,1,0,1,1,0,0,1,1,1,CRITICAL
3,0,1,2,0,0,0,1,0,0,0,0,0,0,1,1,0,0,LOW
5,2,3,0,0,1,0,1,1,1,1,0,0,0,0,0,0,0,CRITICAL
8,2,2,4,0,1,0,1,1,0,0,1,0,1,1,0,1,1,CRITICAL
7,1,2,4,0,0,0,1,1,1,0,0,0,1,0,1,1,1,CRITICAL
6,1,1,4,0,0,0,1,1,0,0,0,0,1,0,1,1,1,HIGH
6,2,2,1,1,1,1,1,1,0,0,0,1,0,0,0,0,1,CRITICAL
2,2,0,0,0,1,0,0,1,0,0,0,0,0,0,0,0,0,CRITICAL
5,0,1,3,1,0,1,1,0,0,0,0,0,0,1,1,0,1,MEDIUM
5,1,2,2,0,0,0,0,1,1,0,1,0,1,0,1,0,0,HIGH
7,2,2,3,0,1,0,1,1,1,0,0,0,1,1,0,1,0,CRITICAL
8,1,5,1,1,1,1,1,0,1,1,1,1,0,0,0,0,1,CRITICAL
4,0,3,1,0,0,0,1,0,0,1,0,1,0,0,1,0,0,MEDIUM
7,1,4,2,0,1,0,1,0,0,1,1,1,0,1,0,0,1,CRITICAL
1,0,0,0,1,0,1,0,0,0,0,0,0,0,0,0,0,0,LOW
8,2,3,3,0,1,0,1,1,1,0,0,1,1,0,1,1,0,CRITICAL
6,0,3,3,0,0,0,1,0,1,0,0,1,0,1,1,1,0,HIGH
7,1,2,4,0,1,0,0,0,1,1,0,0,1,1,1,0,1,CRITICAL
6,1,2,3,0,0,0,0,1,1,0,1,0,1,1,1,0,0,HIGH
6,2,2,2,0,1,0,0,1,0,0,1,1,1,0,1,0,0,CRITICAL
11,2,4,4,1,1,1,0,1,1,1,1,1,1,0,1,1,1,CRITICAL
8,2,3,3,0,1,0,1,1,1,0,0,1,1,0,0,1,1,CRITICAL
8,1,2,4,1,1,1,0,0,1,1,0,0,1,0,1,1,1,CRITICAL
4,2,1,1,0,1,0,0,1,1,0,0,0,1,0,0,0,0,HIGH
5,0,2,2,1,0,1,1,0,1,0,0,0,0,1,1,0,0,MEDIUM
7,0,2,5,0,0,0,1,0,0,0,0,1,1,1,1,1,1,HIGH
9,2,2,4,1,1,1,1,1,0,0,1,0,1,1,1,0,1,CRITICAL
9,2,2,4,1,1,1,0,1,1,0,1,0,1,1,0,1,1,CRITICAL
5,1,2,1,1,0,1,0,1,1,0,1,0,1,0,0,0,0,HIGH
6,2,2,1,1,1,1,1,1,0,0,1,0,1,0,0,0,0,CRITICAL
6,0,2,4,0,0,0,0,0,1,1,0,0,1,0,1,1,1,MEDIUM
5,2,2,1,0,1,0,1,1,0,1,0,0,0,0,0,1,0,CRITICAL
6,0,3,3,0,0,0,1,0,1,1,0,0,0,1,1,1,0,HIGH
5,0,0,5,0,0,0,0,0,0,0,0,0,1,1,1,1,1,MEDIUM
7,0,4,3,0,0,0,1,0,1,1,0,1,1,1,0,1,0,CRITICAL
7,1,2,4,0,0,0,0,1,1,0,1,0,0,1,1,1,1,CRITICAL
4,0,2,2,0,0,0,0,0,1,0,0,1,0,1,1,0,0,MEDIUM
7,0,4,3,0,0,0,1,0,1,1,0,1,1,0,1,1,0,CRITICAL
10,1,5,4,0,1,0,1,0,1,1,1,1,1,1,0,1,1,CRITICAL
9,2,2,4,1,1,1,0,1,1,0,0,1,1,1,1,0,1,CRITICAL
1,0,0,0,1,0,1,0,0,0,0,0,0,0,0,0,0,0,LOW
7,0,5,2,0,0,0,1,0,1,1,1,1,0,0,0,1,1,CRITICAL
7,1,2,4,0,0,0,1,1,0,0,0,1,1,1,1,1,0,CRITICAL
6,2,1,2,1,1,1,1,1,0,0,0,0,1,0,0,0,1,CRITICAL
9,2,5,1,1,1,1,1,1,1,1,1,1,0,0,0,0,1,CRITICAL
8,1,3,3,1,0,1,1,1,1,0,1,0,1,0,1,1,0,CRITICAL
7,0,3,4,0,0,0,0,0,1,1,1,0,1,1,0,1,1,HIGH
5,1,2,2,0,1,0,0,0,0,1,1,0,1,0,0,0,1,HIGH
6,0,3,3,0,0,0,1,0,1,0,1,0,1,0,1,1,0,HIGH
5,0,2,3,0,0,0,0,0,0,1,0,1,1,0,1,1,0,MEDIUM
8,1,3,3,1,1,1,0,0,1,1,1,0,0,1,1,0,1,CRITICAL
5,0,0,5,0,0,0,0,0,0,0,0,0,1,1,1,1,1,MEDIUM
4,0,4,0,0,0,0,1,0,1,1,1,0,0,0,0,0,0,HIGH
6,2,1,3,0,1,0,1,1,0,0,0,0,1,0,1,1,0,CRITICAL
0,0,0,0,0,0,0,0,0,0,0,0,0,0,0,0,0,0,SECURE
5,1,0,4,0,1,0,0,0,0,0,0,0,0,1,1,1,1,MEDIUM
7,1,4,2,0,0,0,1,1,1,1,0,1,0,0,0,1,1,CRITICAL
8,1,3,3,1,0,1,0,1,1,0,1,1,0,1,0,1,1,CRITICAL
4,0,2,2,0,0,0,0,0,1,0,1,0,0,0,1,1,0,MEDIUM
9,2,3,4,0,1,0,0,1,0,1,1,1,1,0,1,1,1,CRITICAL
4,0,4,0,0,0,0,1,0,1,1,1,0,0,0,0,0,0,HIGH
6,1,2,3,0,1,0,0,0,0,1,1,0,0,0,1,1,1,HIGH
1,0,0,0,1,0,1,0,0,0,0,0,0,0,0,0,0,0,LOW
6,1,2,3,0,1,0,0,0,1,0,1,0,0,1,0,1,1,HIGH
7,1,4,2,0,1,0,1,0,1,1,0,1,0,1,0,1,0,CRITICAL
5,1,1,2,1,1,1,1,0,0,0,0,0,1,0,0,0,1,MEDIUM
5,0,2,2,1,0,1,1,0,1,0,0,0,0,0,1,0,1,MEDIUM
6,1,2,2,1,0,1,1,1,1,0,0,0,1,1,0,0,0,HIGH
4,0,2,1,1,0,1,0,0,0,0,1,1,0,0,0,0,1,MEDIUM
1,1,0,0,0,1,0,0,0,0,0,0,0,0,0,0,0,0,LOW
7,1,3,2,1,1,1,1,0,0,1,0,1,1,0,1,0,0,CRITICAL
7,0,4,2,1,0,1,1,0,1,1,0,1,1,1,0,0,0,HIGH
5,2,1,2,0,1,0,0,1,0,0,1,0,0,0,1,0,1,HIGH
9,2,4,2,1,1,1,1,1,1,0,1,1,1,0,0,1,0,CRITICAL
6,1,2,2,1,1,1,0,0,1,1,0,0,0,0,0,1,1,HIGH
7,1,1,5,0,1,0,0,0,0,1,0,0,1,1,1,1,1,HIGH
4,1,1,2,0,0,0,1,1,0,0,0,0,1,1,0,0,0,MEDIUM
4,1,3,0,0,1,0,0,0,1,1,0,1,0,0,0,0,0,HIGH
8,1,3,3,1,1,1,0,0,1,1,0,1,1,0,1,0,1,CRITICAL
7,0,2,4,1,0,1,1,0,0,0,0,1,1,1,0,1,1,HIGH
6,2,4,0,0,1,0,1,1,1,1,0,1,0,0,0,0,0,CRITICAL
7,1,3,2,1,1,1,0,0,1,1,1,0,0,0,0,1,1,CRITICAL
7,1,3,2,1,1,1,0,0,1,1,0,1,0,1,0,0,1,CRITICAL
6,0,4,2,0,0,0,0,0,1,1,1,1,1,1,0,0,0,HIGH
6,1,2,3,0,1,0,0,0,1,0,0,1,0,0,1,1,1,HIGH
10,2,4,3,1,1,1,1,1,1,1,1,0,0,0,1,1,1,CRITICAL
6,0,4,2,0,0,0,1,0,1,1,0,1,0,1,1,0,0,HIGH
9,2,1,5,1,1,1,0,1,0,0,1,0,1,1,1,1,1,CRITICAL
7,1,3,3,0,1,0,1,0,0,1,0,1,1,0,0,1,1,CRITICAL
6,1,3,2,0,0,0,0,1,1,1,1,0,0,1,1,0,0,CRITICAL
7,2,2,3,0,1,0,0,1,1,1,0,0,1,0,1,1,0,CRITICAL
0,0,0,0,0,0,0,0,0,0,0,0,0,0,0,0,0,0,SECURE
5,2,1,2,0,1,0,0,1,0,0,1,0,0,1,0,0,1,HIGH
8,1,3,3,1,0,1,1,1,0,0,1,1,1,0,0,1,1,CRITICAL
7,1,2,4,0,1,0,0,0,0,1,1,0,1,1,0,1,1,CRITICAL
6,0,4,2,0,0,0,0,0,1,1,1,1,1,0,1,0,0,HIGH
5,0,3,1,1,0,1,1,0,0,1,0,1,0,0,0,0,1,MEDIUM
9,1,3,4,1,0,1,0,1,1,1,1,0,1,0,1,1,1,CRITICAL
4,0,1,2,1,0,1,0,0,1,0,0,0,0,1,0,0,1,MEDIUM
8,2,3,3,0,1,0,1,1,1,0,1,0,0,1,0,1,1,CRITICAL
5,0,3,2,0,0,0,1,0,0,1,0,1,1,1,0,0,0,MEDIUM
8,1,5,2,0,1,0,1,0,1,1,1,1,0,1,0,1,0,CRITICAL
7,2,4,1,0,1,0,1,1,0,1,1,1,0,1,0,0,0,CRITICAL
7,2,2,2,1,1,1,1,1,0,0,0,1,0,0,0,1,1,CRITICAL
6,2,2,1,1,1,1,1,1,1,0,0,0,0,0,1,0,0,CRITICAL
6,0,4,2,0,0,0,1,0,1,1,1,0,1,0,1,0,0,HIGH
4,0,1,3,0,0,0,0,0,0,0,1,0,0,1,1,0,1,MEDIUM
9,2,4,3,0,1,0,1,1,1,1,1,0,0,1,1,0,1,CRITICAL
7,1,3,2,1,0,1,1,1,1,1,0,0,1,0,0,0,1,CRITICAL
8,1,4,3,0,1,0,0,0,1,1,1,1,0,1,1,1,0,CRITICAL
9,2,2,4,1,1,1,1,1,0,0,0,1,1,1,1,1,0,CRITICAL
6,0,3,2,1,0,1,1,0,0,0,1,1,0,1,0,0,1,HIGH
9,2,4,2,1,1,1,1,1,0,1,1,1,1,0,1,0,0,CRITICAL
5,1,3,1,0,1,0,1,0,0,1,1,0,1,0,0,0,0,HIGH
7,1,3,2,1,1,1,0,0,0,1,1,1,0,0,1,1,0,CRITICAL
8,0,5,3,0,0,0,1,0,1,1,1,1,1,0,1,0,1,CRITICAL
4,0,4,0,0,0,0,1,0,1,1,1,0,0,0,0,0,0,HIGH
1,0,0,0,1,0,1,0,0,0,0,0,0,0,0,0,0,0,LOW
5,0,1,3,1,0,1,0,0,0,0,0,1,1,0,1,1,0,MEDIUM
11,1,5,4,1,1,1,1,0,1,1,1,1,0,1,1,1,1,CRITICAL
5,1,2,2,0,1,0,1,0,0,0,0,1,1,1,0,0,0,HIGH
5,0,4,1,0,0,0,1,0,1,1,0,1,0,0,0,1,0,HIGH
7,1,3,3,0,0,0,1,1,1,0,0,1,1,0,0,1,1,CRITICAL
2,2,0,0,0,1,0,0,1,0,0,0,0,0,0,0,0,0,CRITICAL
6,1,2,3,0,0,0,0,1,1,0,0,1,1,0,1,1,0,HIGH
11,1,4,5,1,1,1,1,0,0,1,1,1,1,1,1,1,1,CRITICAL
5,1,2,2,0,0,0,1,1,0,0,1,0,0,1,1,0,0,HIGH
7,2,3,1,1,1,1,0,1,1,1,0,1,0,0,0,1,0,CRITICAL
8,1,4,3,0,0,0,1,1,1,1,1,0,0,0,1,1,1,CRITICAL
7,1,2,3,1,0,1,0,1,0,0,1,1,1,0,1,0,1,HIGH
8,2,3,3,0,1,0,1,1,1,1,0,0,1,1,0,0,1,CRITICAL
6,1,2,2,1,0,1,0,1,0,1,1,0,0,1,0,0,1,HIGH
6,1,3,1,1,0,1,0,1,0,1,1,1,0,0,0,1,0,HIGH
5,0,3,2,0,0,0,0,0,1,0,1,1,0,0,1,1,0,MEDIUM
3,1,1,0,1,1,1,0,0,1,0,0,0,0,0,0,0,0,MEDIUM
8,0,2,5,1,0,1,0,0,0,1,1,0,1,1,1,1,1,HIGH
8,2,4,2,0,1,0,1,1,0,1,1,1,0,0,1,0,1,CRITICAL
6,2,1,3,0,1,0,0,1,0,1,0,0,1,0,0,1,1,CRITICAL
6,0,2,3,1,0,1,1,0,0,0,0,1,1,1,1,0,0,MEDIUM
3,1,1,1,0,1,0,1,0,0,0,0,0,0,0,0,0,1,MEDIUM
4,0,2,2,0,0,0,0,0,1,0,0,1,0,0,0,1,1,MEDIUM
8,1,2,4,1,0,1,0,1,1,0,1,0,1,1,1,1,0,CRITICAL
8,1,4,3,0,1,0,0,0,1,1,1,1,0,1,1,1,0,CRITICAL
2,2,0,0,0,1,0,0,1,0,0,0,0,0,0,0,0,0,CRITICAL
0,0,0,0,0,0,0,0,0,0,0,0,0,0,0,0,0,0,SECURE
8,1,2,4,1,0,1,1,1,0,0,0,1,1,0,1,1,1,CRITICAL
6,1,3,2,0,0,0,0,1,1,1,0,1,0,1,0,0,1,CRITICAL
8,1,2,4,1,1,1,1,0,1,0,0,0,1,1,0,1,1,CRITICAL
8,1,2,5,0,0,0,1,1,0,0,1,0,1,1,1,1,1,CRITICAL
6,1,2,3,0,0,0,0,1,0,1,1,0,1,1,0,1,0,HIGH
6,0,2,4,0,0,0,0,0,0,0,1,1,0,1,1,1,1,MEDIUM
5,1,2,2,0,1,0,1,0,0,1,0,0,1,1,0,0,0,HIGH
4,0,1,2,1,0,1,1,0,0,0,0,0,1,1,0,0,0,MEDIUM
7,0,3,3,1,0,1,1,0,0,1,1,0,1,1,1,0,0,HIGH
7,1,3,2,1,0,1,0,1,0,1,1,1,0,0,1,0,1,CRITICAL
4,1,2,1,0,1,0,0,0,1,1,0,0,0,0,1,0,0,HIGH
9,2,4,2,1,1,1,1,1,0,1,1,1,1,0,0,0,1,CRITICAL
5,1,3,1,0,1,0,1,0,0,0,1,1,0,0,0,0,1,HIGH
5,1,1,3,0,0,0,0,1,0,0,1,0,1,1,0,0,1,HIGH
7,1,2,4,0,1,0,0,0,0,1,1,0,1,0,1,1,1,CRITICAL
6,1,3,1,1,0,1,1,1,0,0,1,1,0,0,0,0,1,HIGH
2,2,0,0,0,1,0,0,1,0,0,0,0,0,0,0,0,0,CRITICAL
6,1,1,3,1,0,1,1,1,0,0,0,0,0,1,0,1,1,HIGH
7,1,3,3,0,1,0,1,0,1,1,0,0,0,0,1,1,1,CRITICAL
4,1,2,1,0,0,0,0,1,0,0,1,1,0,0,0,0,1,HIGH
4,0,2,2,0,0,0,1,0,0,0,0,1,1,1,0,0,0,MEDIUM
0,0,0,0,0,0,0,0,0,0,0,0,0,0,0,0,0,0,SECURE
8,0,4,4,0,0,0,1,0,1,1,1,0,1,1,1,0,1,CRITICAL
5,0,2,3,0,0,0,0,0,0,1,0,1,1,0,1,1,0,MEDIUM
0,0,0,0,0,0,0,0,0,0,0,0,0,0,0,0,0,0,SECURE
8,2,3,2,1,1,1,1,1,0,1,1,0,1,0,0,1,0,CRITICAL
8,1,2,4,1,0,1,1,1,0,0,1,0,1,1,1,1,0,CRITICAL
7,0,3,3,1,0,1,0,0,0,1,1,1,1,0,1,1,0,HIGH
7,2,2,3,0,1,0,0,1,1,1,0,0,0,1,1,1,0,CRITICAL
4,0,3,1,0,0,0,0,0,1,1,1,0,0,1,0,0,0,MEDIUM
8,1,4,2,1,0,1,0,1,1,1,1,1,1,0,0,0,1,CRITICAL
7,1,2,3,1,1,1,1,0,0,0,0,1,0,1,0,1,1,HIGH
1,0,0,0,1,0,1,0,0,0,0,0,0,0,0,0,0,0,LOW
6,2,2,1,1,1,1,1,1,0,1,0,0,0,0,0,0,1,CRITICAL
2,2,0,0,0,1,0,0,1,0,0,0,0,0,0,0,0,0,CRITICAL
6,2,3,1,0,1,0,1,1,1,0,1,0,0,1,0,0,0,CRITICAL
6,0,2,4,0,0,0,0,0,0,0,1,1,0,1,1,1,1,MEDIUM
6,0,2,4,0,0,0,0,0,1,0,0,1,0,1,1,1,1,MEDIUM
6,1,1,3,1,0,1,1,1,0,0,0,0,1,0,0,1,1,HIGH
6,1,1,3,1,1,1,0,0,1,0,0,0,0,1,1,0,1,HIGH
5,2,1,2,0,1,0,0,1,0,1,0,0,1,0,0,1,0,HIGH
9,2,2,4,1,1,1,0,1,0,0,1,1,1,1,1,1,0,CRITICAL
8,1,3,4,0,0,0,1,1,0,1,0,1,0,1,1,1,1,CRITICAL
4,0,4,0,0,0,0,1,0,1,1,1,0,0,0,0,0,0,HIGH
6,1,2,2,1,0,1,0,1,0,0,1,1,1,1,0,0,0,HIGH
5,1,3,1,0,0,0,1,1,1,0,0,1,1,0,0,0,0,HIGH
6,1,3,2,0,0,0,0,1,1,1,0,1,0,0,1,0,1,CRITICAL
10,2,3,4,1,1,1,1,1,0,1,0,1,1,1,1,1,0,CRITICAL
7,0,3,3,1,0,1,1,0,0,1,0,1,1,1,1,0,0,HIGH
8,1,3,4,0,0,0,1,1,0,0,1,1,1,1,1,0,1,CRITICAL
5,0,0,5,0,0,0,0,0,0,0,0,0,1,1,1,1,1,MEDIUM
6,2,3,1,0,1,0,0,1,0,1,1,1,0,0,0,1,0,CRITICAL
0,0,0,0,0,0,0,0,0,0,0,0,0,0,0,0,0,0,SECURE
6,2,1,3,0,1,0,0,1,0,0,0,1,0,0,1,1,1,CRITICAL
1,0,0,0,1,0,1,0,0,0,0,0,0,0,0,0,0,0,LOW
5,0,3,2,0,0,0,0,0,1,1,1,0,0,1,0,0,1,MEDIUM
8,1,3,3,1,0,1,0,1,1,1,0,1,1,1,0,1,0,CRITICAL
3,0,1,2,0,0,0,0,0,0,0,0,1,1,0,0,0,1,LOW
7,1,2,3,1,1,1,1,0,0,1,0,0,1,0,0,1,1,HIGH
11,2,5,4,0,1,0,1,1,1,1,1,1,0,1,1,1,1,CRITICAL
7,1,1,4,1,1,1,0,0,1,0,0,0,1,0,1,1,1,HIGH
7,0,3,3,1,0,1,0,0,0,1,1,1,0,1,1,1,0,HIGH
5,2,1,2,0,1,0,0,1,0,0,0,1,1,0,0,1,0,HIGH
6,1,2,3,0,1,0,0,0,0,1,1,0,0,1,1,1,0,HIGH
6,0,2,3,1,0,1,1,0,0,0,0,1,1,0,1,1,0,MEDIUM
8,2,2,4,0,1,0,0,1,0,1,0,1,1,0,1,1,1,CRITICAL
7,2,4,1,0,1,0,1,1,0,1,1,1,0,1,0,0,0,CRITICAL
0,0,0,0,0,0,0,0,0,0,0,0,0,0,0,0,0,0,SECURE
5,1,2,2,0,0,0,1,1,0,0,0,1,0,0,1,1,0,HIGH
8,2,3,2,1,1,1,1,1,1,0,0,1,1,0,0,0,1,CRITICAL
8,2,3,3,0,1,0,0,1,0,1,1,1,0,1,0,1,1,CRITICAL
7,1,3,3,0,1,0,1,0,1,0,0,1,0,1,1,0,1,CRITICAL
4,0,1,3,0,0,0,0,0,1,0,0,0,0,1,0,1,1,MEDIUM
8,2,5,1,0,1,0,1,1,1,1,1,1,0,0,0,1,0,CRITICAL
0,0,0,0,0,0,0,0,0,0,0,0,0,0,0,0,0,0,SECURE
4,1,0,3,0,1,0,0,0,0,0,0,0,1,0,1,1,0,MEDIUM
8,2,3,3,0,1,0,1,1,1,1,0,0,1,1,1,0,0,CRITICAL
9,1,3,4,1,1,1,1,0,0,0,1,1,1,1,1,0,1,CRITICAL
7,2,3,2,0,1,0,1,1,1,1,0,0,0,1,0,1,0,CRITICAL
5,0,2,2,1,0,1,0,0,0,1,0,1,0,1,0,1,0,MEDIUM
5,0,3,2,0,0,0,0,0,0,1,1,1,0,0,0,1,1,MEDIUM
6,1,3,2,0,0,0,1,1,1,0,1,0,1,1,0,0,0,CRITICAL
4,1,1,2,0,0,0,0,1,1,0,0,0,1,0,1,0,0,MEDIUM
8,0,3,5,0,0,0,1,0,0,0,1,1,1,1,1,1,1,CRITICAL
6,0,3,3,0,0,0,1,0,1,1,0,0,1,1,0,0,1,HIGH
3,0,2,1,0,0,0,0,0,0,1,1,0,0,0,1,0,0,MEDIUM
8,1,4,2,1,1,1,1,0,1,0,1,1,1,1,0,0,0,CRITICAL
2,2,0,0,0,1,0,0,1,0,0,0,0,0,0,0,0,0,CRITICAL
0,0,0,0,0,0,0,0,0,0,0,0,0,0,0,0,0,0,SECURE
2,2,0,0,0,1,0,0,1,0,0,0,0,0,0,0,0,0,CRITICAL
4,1,2,1,0,0,0,0,1,1,0,1,0,1,0,0,0,0,HIGH
8,0,4,3,1,0,1,0,0,1,1,1,1,1,0,0,1,1,CRITICAL
8,0,4,3,1,0,1,1,0,0,1,1,1,0,0,1,1,1,CRITICAL
5,1,1,2,1,0,1,0,1,0,0,1,0,0,0,0,1,1,MEDIUM
7,1,4,1,1,0,1,1,1,1,1,1,0,1,0,0,0,0,CRITICAL
2,2,0,0,0,1,0,0,1,0,0,0,0,0,0,0,0,0,CRITICAL
1,0,0,0,1,0,1,0,0,0,0,0,0,0,0,0,0,0,LOW
7,0,4,2,1,0,1,0,0,1,1,1,1,1,0,0,1,0,HIGH
5,0,2,2,1,0,1,0,0,0,1,0,1,1,0,0,1,0,MEDIUM
5,1,2,2,0,1,0,0,0,0,0,1,1,1,1,0,0,0,HIGH
7,1,2,3,1,1,1,1,0,0,1,0,0,1,0,0,1,1,HIGH
7,1,3,2,1,1,1,0,0,1,1,1,0,0,1,0,0,1,CRITICAL
4,1,2,1,0,1,0,1,0,1,0,0,0,0,0,0,0,1,HIGH
9,2,3,3,1,1,1,1,1,0,0,1,1,1,0,1,0,1,CRITICAL
11,1,5,4,1,1,1,1,0,1,1,1,1,1,1,1,1,0,CRITICAL
5,1,3,1,0,0,0,0,1,0,1,1,1,0,0,1,0,0,HIGH
10,1,5,3,1,1,1,1,0,1,1,1,1,0,1,1,1,0,CRITICAL
10,2,4,3,1,1,1,1,1,1,1,0,1,1,0,0,1,1,CRITICAL
6,1,1,4,0,1,0,0,0,0,1,0,0,1,1,1,1,0,HIGH
4,0,1,3,0,0,0,0,0,0,0,1,0,0,1,1,1,0,MEDIUM
9,2,2,4,1,1,1,1,1,0,0,1,0,1,1,1,1,0,CRITICAL
1,0,0,0,1,0,1,0,0,0,0,0,0,0,0,0,0,0,LOW
6,0,3,3,0,0,0,1,0,1,0,0,1,1,1,0,1,0,HIGH
7,1,3,2,1,0,1,1,1,1,1,0,0,0,1,0,0,1,CRITICAL
5,0,3,1,1,0,1,1,0,1,0,1,0,1,0,0,0,0,MEDIUM
7,1,4,2,0,1,0,1,0,1,1,1,0,1,1,0,0,0,CRITICAL
6,1,2,2,1,0,1,0,1,0,0,1,1,0,1,0,0,1,HIGH
2,2,0,0,0,1,0,0,1,0,0,0,0,0,0,0,0,0,CRITICAL
6,1,1,4,0,0,0,0,1,0,1,0,0,1,1,1,1,0,HIGH
5,2,0,2,1,1,1,0,1,0,0,0,0,1,0,0,0,1,HIGH
7,1,3,2,1,0,1,0,1,1,1,0,1,0,0,1,1,0,CRITICAL
9,1,4,3,1,1,1,1,0,0,1,1,1,0,1,1,1,0,CRITICAL
8,2,3,3,0,1,0,0,1,0,1,1,1,1,0,0,1,1,CRITICAL
5,0,0,5,0,0,0,0,0,0,0,0,0,1,1,1,1,1,MEDIUM
9,1,3,5,0,1,0,0,0,1,1,1,0,1,1,1,1,1,CRITICAL
4,1,1,2,0,0,0,1,1,0,0,0,0,0,0,1,1,0,MEDIUM
7,1,3,2,1,0,1,0,1,1,0,1,1,0,1,0,0,1,CRITICAL
7,1,1,4,1,1,1,1,0,0,0,0,0,1,1,0,1,1,HIGH
6,0,3,3,0,0,0,0,0,1,0,1,1,1,1,1,0,0,HIGH
7,0,4,3,0,0,0,1,0,1,1,0,1,1,0,1,0,1,CRITICAL
7,2,3,2,0,1,0,0,1,0,1,1,1,1,0,1,0,0,CRITICAL
7,1,2,3,1,1,1,0,0,1,0,0,1,1,0,1,1,0,HIGH
6,0,2,3,1,0,1,0,0,1,1,0,0,1,0,0,1,1,MEDIUM
7,1,2,3,1,0,1,0,1,1,0,0,1,1,1,0,0,1,HIGH
6,1,1,4,0,0,0,1,1,0,0,0,0,1,0,1,1,1,HIGH
7,2,3,1,1,1,1,0,1,1,1,0,1,0,0,1,0,0,CRITICAL
0,0,0,0,0,0,0,0,0,0,0,0,0,0,0,0,0,0,SECURE
2,2,0,0,0,1,0,0,1,0,0,0,0,0,0,0,0,0,CRITICAL
8,1,3,3,1,1,1,0,0,0,1,1,1,1,0,1,1,0,CRITICAL
6,2,1,2,1,1,1,1,1,0,0,0,0,0,0,1,0,1,CRITICAL
5,1,2,2,0,1,0,1,0,0,1,0,0,0,0,0,1,1,HIGH
7,2,2,3,0,1,0,0,1,1,0,0,1,1,1,0,1,0,CRITICAL
3,0,2,1,0,0,0,0,0,0,1,1,0,0,1,0,0,0,MEDIUM
6,0,2,3,1,0,1,1,0,1,0,0,0,0,0,1,1,1,MEDIUM
7,1,3,2,1,0,1,1,1,1,0,0,1,0,0,1,0,1,CRITICAL
7,1,3,2,1,1,1,1,0,0,1,0,1,1,1,0,0,0,CRITICAL
2,0,2,0,0,0,0,1,0,0,0,0,1,0,0,0,0,0,MEDIUM
9,2,3,3,1,1,1,0,1,1,0,1,1,1,1,0,0,1,CRITICAL
1,0,0,0,1,0,1,0,0,0,0,0,0,0,0,0,0,0,LOW
7,1,4,2,0,1,0,1,0,0,1,1,1,0,1,1,0,0,CRITICAL
5,1,3,1,0,1,0,1,0,0,1,1,0,1,0,0,0,0,HIGH
8,1,2,4,1,1,1,0,0,1,0,1,0,1,1,0,1,1,CRITICAL
6,0,4,2,0,0,0,0,0,1,1,1,1,1,1,0,0,0,HIGH
6,0,4,2,0,0,0,1,0,1,1,0,1,0,1,0,0,1,HIGH
10,2,4,3,1,1,1,1,1,1,1,1,0,1,0,0,1,1,CRITICAL
3,1,2,0,0,1,0,1,0,0,1,0,0,0,0,0,0,0,MEDIUM
5,1,3,1,0,1,0,0,0,1,1,1,0,0,0,0,1,0,HIGH
6,1,2,2,1,1,1,0,0,0,1,0,1,0,1,1,0,0,HIGH
7,1,2,3,1,0,1,0,1,0,1,1,0,0,1,1,1,0,HIGH
5,1,1,3,0,1,0,0,0,0,0,0,1,1,0,1,1,0,HIGH
6,2,1,2,1,1,1,0,1,0,0,1,0,1,1,0,0,0,CRITICAL
5,2,2,0,1,1,1,1,1,0,0,1,0,0,0,0,0,0,CRITICAL
8,0,5,2,1,0,1,1,0,1,1,1,1,1,0,0,1,0,CRITICAL
2,2,0,0,0,1,0,0,1,0,0,0,0,0,0,0,0,0,CRITICAL
6,0,2,4,0,0,0,1,0,1,0,0,0,1,1,0,1,1,MEDIUM
7,2,1,3,1,1,1,0,1,0,0,0,1,0,1,1,1,0,CRITICAL
8,1,3,4,0,0,0,1,1,1,0,1,0,1,0,1,1,1,CRITICAL
8,0,5,2,1,0,1,1,0,1,1,1,1,1,0,0,1,0,CRITICAL
6,1,3,2,0,0,0,1,1,0,1,0,1,0,1,0,0,1,CRITICAL
6,1,3,1,1,1,1,0,0,0,1,1,1,0,1,0,0,0,HIGH
8,1,4,2,1,0,1,1,1,1,1,0,1,0,0,0,1,1,CRITICAL
7,2,1,3,1,1,1,0,1,0,0,0,1,1,1,0,1,0,CRITICAL
4,1,0,2,1,0,1,0,1,0,0,0,0,1,0,0,0,1,MEDIUM
1,0,0,0,1,0,1,0,0,0,0,0,0,0,0,0,0,0,LOW
8,2,1,5,0,1,0,0,1,0,0,1,0,1,1,1,1,1,CRITICAL
8,2,3,2,1,1,1,0,1,1,0,1,1,1,0,0,1,0,CRITICAL
5,1,1,3,0,0,0,0,1,0,0,0,1,1,0,1,0,1,HIGH
2,2,0,0,0,1,0,0,1,0,0,0,0,0,0,0,0,0,CRITICAL
7,2,2,2,1,1,1,0,1,0,0,1,1,1,0,0,1,0,CRITICAL
7,1,2,3,1,1,1,1,0,0,1,0,0,1,1,1,0,0,HIGH
5,0,3,1,1,0,1,0,0,1,1,0,1,0,1,0,0,0,MEDIUM
4,0,3,1,0,0,0,0,0,0,1,1,1,0,0,0,1,0,MEDIUM
5,2,2,1,0,1,0,0,1,1,0,0,1,0,1,0,0,0,CRITICAL
4,1,1,1,1,0,1,1,1,0,0,0,0,0,0,0,0,1,MEDIUM
6,1,3,2,0,1,0,0,0,0,1,1,1,1,0,1,0,0,CRITICAL
10,2,5,3,0,1,0,1,1,1,1,1,1,0,1,1,1,0,CRITICAL
6,0,3,3,0,0,0,0,0,1,1,1,0,0,1,1,0,1,HIGH
5,1,2,1,1,0,1,0,1,1,0,0,1,0,1,0,0,0,HIGH
4,1,1,2,0,1,0,0,0,0,1,0,0,1,0,0,1,0,MEDIUM
5,0,0,5,0,0,0,0,0,0,0,0,0,1,1,1,1,1,MEDIUM
4,0,2,2,0,0,0,0,0,0,1,0,1,0,1,0,1,0,MEDIUM
8,1,3,4,0,1,0,0,0,1,1,0,1,0,1,1,1,1,CRITICAL
9,1,5,2,1,1,1,1,0,1,1,1,1,0,0,1,1,0,CRITICAL
9,1,4,3,1,0,1,1,1,0,1,1,1,1,1,0,1,0,CRITICAL
7,0,2,4,1,0,1,1,0,1,0,0,0,0,1,1,1,1,HIGH
9,1,4,3,1,1,1,0,0,1,1,1,1,1,1,0,0,1,CRITICAL
1,0,0,0,1,0,1,0,0,0,0,0,0,0,0,0,0,0,LOW
6,1,4,1,0,1,0,1,0,0,1,1,1,0,0,0,0,1,CRITICAL
3,0,1,1,1,0,1,0,0,0,0,0,1,1,0,0,0,0,LOW
6,1,2,2,1,0,1,0,1,0,1,0,1,1,0,0,0,1,HIGH
2,0,1,1,0,0,0,1,0,0,0,0,0,0,0,1,0,0,LOW
2,1,0,1,0,1,0,0,0,0,0,0,0,0,1,0,0,0,MEDIUM
6,2,2,2,0,1,0,1,1,0,0,0,1,0,0,1,1,0,CRITICAL
4,1,1,2,0,0,0,1,1,0,0,0,0,1,0,0,1,0,MEDIUM
6,0,4,2,0,0,0,1,0,1,1,0,1,0,0,1,0,1,HIGH
7,1,2,3,1,0,1,1,1,0,0,0,1,1,0,0,1,1,HIGH
6,0,2,3,1,0,1,0,0,0,1,0,1,1,0,1,0,1,MEDIUM
4,0,4,0,0,0,0,1,0,1,1,1,0,0,0,0,0,0,HIGH
4,1,1,1,1,0,1,0,1,0,1,0,0,0,0,0,0,1,MEDIUM
6,0,3,3,0,0,0,0,0,1,0,1,1,1,1,0,1,0,HIGH
5,1,2,2,0,0,0,1,1,1,0,0,0,1,0,0,0,1,HIGH
8,1,3,4,0,0,0,1,1,0,1,0,1,1,0,1,1,1,CRITICAL
4,0,4,0,0,0,0,1,0,1,1,1,0,0,0,0,0,0,HIGH
5,1,2,2,0,1,0,0,0,1,0,0,1,0,0,1,1,0,HIGH
7,1,3,3,0,0,0,0,1,1,0,1,1,1,1,0,0,1,CRITICAL
6,2,1,3,0,1,0,0,1,0,0,0,1,1,1,0,0,1,CRITICAL
3,0,1,1,1,0,1,0,0,1,0,0,0,1,0,0,0,0,LOW
2,2,0,0,0,1,0,0,1,0,0,0,0,0,0,0,0,0,CRITICAL
6,0,3,3,0,0,0,0,0,1,0,1,1,1,0,1,0,1,HIGH
9,2,3,3,1,1,1,1,1,0,1,0,1,0,1,1,0,1,CRITICAL
6,2,2,2,0,1,0,1,1,0,0,1,0,1,0,0,0,1,CRITICAL
7,0,4,2,1,0,1,1,0,0,1,1,1,0,1,0,1,0,HIGH
7,1,2,4,0,0,0,1,1,1,0,0,0,1,1,0,1,1,CRITICAL
4,0,1,2,1,0,1,0,0,0,0,1,0,0,1,0,0,1,MEDIUM
7,1,3,2,1,0,1,0,1,1,1,0,1,1,0,0,0,1,CRITICAL
9,2,4,3,0,1,0,1,1,1,1,1,0,0,0,1,1,1,CRITICAL
5,0,2,2,1,0,1,1,0,0,0,1,0,1,0,1,0,0,MEDIUM
6,2,1,3,0,1,0,0,1,0,0,1,0,1,1,0,0,1,CRITICAL
7,1,3,2,1,0,1,1,1,0,1,0,1,0,0,1,1,0,CRITICAL
4,1,0,3,0,1,0,0,0,0,0,0,0,0,1,1,1,0,MEDIUM
6,1,3,2,0,0,0,1,1,0,1,1,0,0,1,1,0,0,CRITICAL
6,1,3,1,1,0,1,0,1,1,0,1,1,0,0,0,0,1,HIGH
5,0,2,3,0,0,0,1,0,0,1,0,0,1,1,0,1,0,MEDIUM
5,0,2,2,1,0,1,0,0,1,1,0,0,0,1,1,0,0,MEDIUM
6,1,2,3,0,0,0,0,1,0,0,1,1,1,0,1,0,1,HIGH
7,1,4,2,0,0,0,1,1,1,1,1,0,0,1,1,0,0,CRITICAL
6,0,2,3,1,0,1,0,0,0,1,0,1,1,1,1,0,0,MEDIUM
7,2,3,2,0,1,0,1,1,1,1,0,0,0,1,0,0,1,CRITICAL
7,1,2,3,1,0,1,0,1,1,0,0,1,1,0,1,1,0,HIGH
2,2,0,0,0,1,0,0,1,0,0,0,0,0,0,0,0,0,CRITICAL
9,1,3,4,1,0,1,1,1,0,0,1,1,1,0,1,1,1,CRITICAL
4,0,3,0,1,0,1,0,0,1,1,1,0,0,0,0,0,0,MEDIUM
3,1,1,1,0,0,0,0,1,1,0,0,0,1,0,0,0,0,MEDIUM
5,1,1,2,1,1,1,0,0,0,0,1,0,1,0,0,0,1,MEDIUM
5,1,2,2,0,0,0,0,1,1,0,1,0,0,1,0,0,1,HIGH
7,2,2,2,1,1,1,1,1,0,0,0,1,0,1,0,1,0,CRITICAL
6,0,3,3,0,0,0,1,0,1,1,0,0,0,0,1,1,1,HIGH
5,2,1,2,0,1,0,0,1,0,0,1,0,1,0,0,0,1,HIGH
8,2,3,2,1,1,1,1,1,0,1,1,0,1,0,0,1,0,CRITICAL
4,0,4,0,0,0,0,1,0,1,1,1,0,0,0,0,0,0,HIGH
6,1,3,2,0,1,0,1,0,1,0,0,1,1,0,1,0,0,CRITICAL
7,2,2,2,1,1,1,1,1,0,1,0,0,0,1,1,0,0,CRITICAL
7,1,3,3,0,1,0,1,0,0,0,1,1,0,1,1,1,0,CRITICAL
2,0,0,2,0,0,0,0,0,0,0,0,0,0,0,1,1,0,LOW
6,1,2,3,0,1,0,0,0,0,1,0,1,1,0,0,1,1,HIGH
7,0,3,4,0,0,0,1,0,1,1,0,0,0,1,1,1,1,HIGH
5,1,1,3,0,1,0,0,0,1,0,0,0,0,0,1,1,1,HIGH
6,0,1,5,0,0,0,0,0,0,0,1,0,1,1,1,1,1,MEDIUM
11,2,5,3,1,1,1,1,1,1,1,1,1,1,0,1,0,1,CRITICAL
4,1,2,1,0,0,0,0,1,1,1,0,0,0,0,0,1,0,HIGH
8,1,3,3,1,1,1,1,0,1,1,0,0,1,1,0,0,1,CRITICAL
1,0,0,0,1,0,1,0,0,0,0,0,0,0,0,0,0,0,LOW
6,1,3,2,0,0,0,0,1,1,0,1,1,1,0,0,1,0,CRITICAL
3,0,1,2,0,0,0,1,0,0,0,0,0,0,1,0,1,0,LOW
9,1,4,3,1,0,1,1,1,1,1,0,1,1,0,0,1,1,CRITICAL
5,1,1,3,0,1,0,0,0,0,1,0,0,0,1,1,0,1,HIGH
7,1,3,2,1,0,1,0,1,1,1,1,0,1,0,0,1,0,CRITICAL
8,2,2,3,1,1,1,0,1,1,0,0,1,0,1,1,0,1,CRITICAL
8,1,4,2,1,0,1,1,1,1,1,1,0,0,0,1,1,0,CRITICAL
4,0,4,0,0,0,0,1,0,1,1,1,0,0,0,0,0,0,HIGH
8,2,3,3,0,1,0,0,1,1,1,1,0,1,0,0,1,1,CRITICAL
7,2,2,2,1,1,1,0,1,0,1,0,1,0,0,1,1,0,CRITICAL
7,2,2,3,0,1,0,0,1,0,0,1,1,0,1,0,1,1,CRITICAL
4,1,1,2,0,0,0,0,1,0,0,1,0,1,0,0,1,0,MEDIUM
11,2,4,4,1,1,1,1,1,1,1,0,1,0,1,1,1,1,CRITICAL
7,2,1,3,1,1,1,1,1,0,0,0,0,1,1,0,1,0,CRITICAL
7,2,2,2,1,1,1,1,1,0,1,0,0,1,1,0,0,0,CRITICAL
4,2,2,0,0,1,0,0,1,1,0,0,1,0,0,0,0,0,CRITICAL
10,1,4,5,0,0,0,1,1,0,1,1,1,1,1,1,1,1,CRITICAL
5,0,2,2,1,0,1,0,0,0,0,1,1,0,0,1,0,1,MEDIUM
7,2,2,2,1,1,1,1,1,0,0,0,1,0,0,1,0,1,CRITICAL
7,2,4,1,0,1,0,1,1,0,1,1,1,1,0,0,0,0,CRITICAL
6,1,1,4,0,0,0,0,1,0,1,0,0,1,0,1,1,1,HIGH
9,2,4,2,1,1,1,1,1,1,0,1,1,0,0,1,1,0,CRITICAL
7,1,3,3,0,0,0,0,1,1,1,0,1,1,0,0,1,1,CRITICAL
9,1,4,3,1,0,1,1,1,1,1,1,0,0,1,0,1,1,CRITICAL
4,0,2,2,0,0,0,0,0,1,1,0,0,1,0,1,0,0,MEDIUM
6,2,2,2,0,1,0,0,1,1,0,1,0,0,1,0,1,0,CRITICAL
8,1,5,2,0,0,0,1,1,1,1,1,1,1,0,1,0,0,CRITICAL
2,2,0,0,0,1,0,0,1,0,0,0,0,0,0,0,0,0,CRITICAL
4,1,2,0,1,0,1,0,1,1,0,0,1,0,0,0,0,0,MEDIUM
5,0,0,5,0,0,0,0,0,0,0,0,0,1,1,1,1,1,MEDIUM
4,1,1,2,0,0,0,1,1,0,0,0,0,1,0,0,1,0,MEDIUM
4,0,1,2,1,0,1,0,0,1,0,0,0,0,0,0,1,1,MEDIUM
9,1,4,3,1,0,1,0,1,1,1,1,1,0,1,1,0,1,CRITICAL
6,1,3,2,0,0,0,1,1,1,0,0,1,1,1,0,0,0,CRITICAL
6,0,4,2,0,0,0,1,0,0,1,1,1,0,0,1,0,1,HIGH
10,2,3,4,1,1,1,0,1,1,1,1,0,1,1,1,0,1,CRITICAL
7,1,4,2,0,0,0,1,1,0,1,1,1,0,1,0,0,1,CRITICAL
5,0,1,3,1,0,1,1,0,0,0,0,0,1,0,1,1,0,MEDIUM
6,1,1,3,1,0,1,0,1,0,0,0,1,0,1,1,1,0,HIGH
7,0,4,3,0,0,0,1,0,1,0,1,1,0,0,1,1,1,CRITICAL
6,1,1,4,0,1,0,0,0,1,0,0,0,1,1,0,1,1,HIGH
7,0,3,3,1,0,1,0,0,1,0,1,1,0,1,0,1,1,HIGH
9,0,3,5,1,0,1,1,0,0,1,1,0,1,1,1,1,1,CRITICAL
4,1,1,2,0,0,0,0,1,0,1,0,0,1,1,0,0,0,MEDIUM
5,0,2,2,1,0,1,1,0,0,0,0,1,0,1,0,0,1,MEDIUM
5,1,1,2,1,1,1,0,0,0,1,0,0,1,0,0,1,0,MEDIUM
5,1,4,0,0,0,0,1,1,1,1,1,0,0,0,0,0,0,CRITICAL
6,1,3,2,0,0,0,1,1,0,0,1,1,1,0,0,0,1,CRITICAL
4,1,2,0,1,1,1,0,0,1,1,0,0,0,0,0,0,0,MEDIUM
7,1,3,3,0,1,0,1,0,1,0,1,0,1,0,0,1,1,CRITICAL
5,1,1,2,1,0,1,0,1,0,0,1,0,0,1,0,0,1,MEDIUM
10,2,3,5,0,1,0,0,1,0,1,1,1,1,1,1,1,1,CRITICAL
7,1,3,3,0,1,0,1,0,0,1,0,1,1,1,0,1,0,CRITICAL
3,1,0,2,0,0,0,0,1,0,0,0,0,1,0,0,1,0,MEDIUM
6,0,3,3,0,0,0,1,0,0,0,1,1,1,1,0,0,1,HIGH
6,0,4,2,0,0,0,1,0,1,1,0,1,1,1,0,0,0,HIGH
10,2,5,2,1,1,1,1,1,1,1,1,1,1,1,0,0,0,CRITICAL
7,0,4,2,1,0,1,1,0,0,1,1,1,0,1,0,0,1,HIGH
7,1,3,2,1,1,1,1,0,1,0,1,0,1,1,0,0,0,CRITICAL
8,1,4,3,0,1,0,1,0,1,0,1,1,1,1,0,1,0,CRITICAL
6,1,2,3,0,1,0,0,0,1,0,0,1,0,1,1,0,1,HIGH
9,1,3,4,1,0,1,0,1,0,1,1,1,1,0,1,1,1,CRITICAL
4,2,1,1,0,1,0,1,1,0,0,0,0,1,0,0,0,0,HIGH
8,1,3,3,1,0,1,0,1,1,1,1,0,0,1,0,1,1,CRITICAL
7,2,3,2,0,1,0,0,1,1,1,0,1,0,1,1,0,0,CRITICAL
6,0,3,2,1,0,1,1,0,1,0,0,1,1,0,1,0,0,HIGH
7,1,3,2,1,1,1,0,0,1,1,1,0,0,1,0,1,0,CRITICAL
6,1,2,3,0,1,0,1,0,0,1,0,0,1,0,1,1,0,HIGH
6,0,3,2,1,0,1,1,0,0,1,0,1,0,0,0,1,1,HIGH
8,2,2,4,0,1,0,0,1,1,0,1,0,1,1,1,1,0,CRITICAL
4,1,1,2,0,1,0,0,0,1,0,0,0,1,0,1,0,0,MEDIUM
4,1,2,0,1,1,1,0,0,1,0,1,0,0,0,0,0,0,MEDIUM
8,0,3,4,1,0,1,0,0,0,1,1,1,1,1,0,1,1,HIGH
8,2,3,3,0,1,0,0,1,0,1,1,1,1,0,1,0,1,CRITICAL
9,2,3,3,1,1,1,1,1,1,1,0,0,0,1,1,0,1,CRITICAL
7,0,4,2,1,0,1,1,0,1,0,1,1,0,0,1,0,1,HIGH
6,2,2,1,1,1,1,0,1,0,0,1,1,0,1,0,0,0,CRITICAL
7,1,2,3,1,0,1,1,1,0,1,0,0,1,1,0,0,1,HIGH
4,0,2,2,0,0,0,0,0,0,1,1,0,0,1,0,1,0,MEDIUM
1,0,0,0,1,0,1,0,0,0,0,0,0,0,0,0,0,0,LOW
6,2,2,1,1,1,1,1,1,0,0,1,0,1,0,0,0,0,CRITICAL
9,2,3,3,1,1,1,1,1,0,1,0,1,1,0,1,0,1,CRITICAL
6,2,3,1,0,1,0,0,1,0,1,1,1,0,0,0,0,1,CRITICAL
9,0,4,4,1,0,1,0,0,1,1,1,1,1,1,1,1,0,CRITICAL
8,1,2,4,1,1,1,0,0,1,0,1,0,0,1,1,1,1,CRITICAL
7,1,3,2,1,1,1,1,0,1,0,0,1,0,0,1,0,1,CRITICAL
7,2,3,2,0,1,0,1,1,0,0,1,1,0,1,0,0,1,CRITICAL
5,0,0,4,1,0,1,0,0,0,0,0,0,1,0,1,1,1,MEDIUM
8,2,3,2,1,1,1,1,1,0,1,0,1,1,1,0,0,0,CRITICAL
3,0,0,3,0,0,0,0,0,0,0,0,0,1,1,0,1,0,LOW
7,1,3,3,0,1,0,1,0,0,0,1,1,1,1,0,0,1,CRITICAL
5,1,2,2,0,0,0,1,1,0,0,1,0,1,0,1,0,0,HIGH
6,2,2,2,0,1,0,0,1,0,1,0,1,0,0,1,0,1,CRITICAL
5,0,1,3,1,0,1,0,0,0,0,0,1,0,1,1,0,1,MEDIUM
4,0,4,0,0,0,0,1,0,1,1,1,0,0,0,0,0,0,HIGH
4,0,2,1,1,0,1,0,0,1,0,1,0,0,0,0,1,0,MEDIUM
5,1,1,3,0,1,0,1,0,0,0,0,0,0,0,1,1,1,HIGH
5,1,2,2,0,0,0,1,1,0,1,0,0,1,0,0,1,0,HIGH
3,0,2,1,0,0,0,0,0,1,0,1,0,1,0,0,0,0,MEDIUM
4,0,4,0,0,0,0,1,0,1,1,1,0,0,0,0,0,0,HIGH
9,1,4,3,1,1,1,0,0,1,1,1,1,0,1,1,1,0,CRITICAL
7,1,3,2,1,1,1,1,0,0,0,1,1,0,0,1,1,0,CRITICAL
5,2,0,3,0,1,0,0,1,0,0,0,0,0,0,1,1,1,HIGH
4,0,1,2,1,0,1,0,0,1,0,0,0,0,0,1,0,1,MEDIUM
8,1,4,2,1,0,1,1,1,1,1,1,0,1,1,0,0,0,CRITICAL
4,1,0,2,1,0,1,0,1,0,0,0,0,0,0,1,1,0,MEDIUM
5,1,1,2,1,0,1,0,1,0,1,0,0,0,0,1,1,0,MEDIUM
7,2,2,2,1,1,1,1,1,0,1,0,0,0,1,1,0,0,CRITICAL
8,0,2,5,1,0,1,0,0,1,0,1,0,1,1,1,1,1,HIGH
9,2,4,2,1,1,1,0,1,1,1,1,1,0,0,1,1,0,CRITICAL
6,0,3,3,0,0,0,1,0,0,1,0,1,0,0,1,1,1,HIGH
11,2,4,4,1,1,1,1,1,1,1,0,1,1,1,1,1,0,CRITICAL
6,1,2,3,0,1,0,0,0,0,1,1,0,1,1,1,0,0,HIGH
6,1,2,2,1,1,1,0,0,1,0,0,1,1,0,1,0,0,HIGH
5,0,1,3,1,0,1,0,0,0,0,1,0,0,0,1,1,1,MEDIUM
7,1,3,2,1,1,1,1,0,0,1,0,1,0,1,1,0,0,CRITICAL
6,0,3,2,1,0,1,0,0,1,0,1,1,1,0,0,1,0,HIGH
10,2,3,4,1,1,1,0,1,1,0,1,1,1,1,0,1,1,CRITICAL
6,0,3,2,1,0,1,0,0,1,1,1,0,0,1,0,0,1,HIGH
7,2,3,1,1,1,1,1,1,1,0,1,0,0,0,1,0,0,CRITICAL
7,2,5,0,0,1,0,1,1,1,1,1,1,0,0,0,0,0,CRITICAL
5,1,2,1,1,0,1,1,1,0,1,0,0,0,0,0,0,1,HIGH
0,0,0,0,0,0,0,0,0,0,0,0,0,0,0,0,0,0,SECURE
7,1,2,4,0,0,0,0,1,0,1,0,1,1,0,1,1,1,CRITICAL
4,1,2,1,0,0,0,0,1,0,1,0,1,0,0,1,0,0,HIGH
7,1,3,3,0,1,0,1,0,0,0,1,1,1,0,0,1,1,CRITICAL
9,2,4,2,1,1,1,1,1,1,1,1,0,0,1,0,0,1,CRITICAL
6,2,0,3,1,1,1,0,1,0,0,0,0,1,1,1,0,0,HIGH
5,0,0,4,1,0,1,0,0,0,0,0,0,1,0,1,1,1,MEDIUM
8,1,3,3,1,0,1,1,1,1,0,1,0,1,0,1,0,1,CRITICAL
6,0,3,3,0,0,0,1,0,1,0,0,1,1,0,1,0,1,HIGH
9,1,5,3,0,0,0,1,1,1,1,1,1,1,1,0,0,1,CRITICAL
6,1,1,4,0,1,0,0,0,0,0,0,1,1,1,0,1,1,HIGH
6,0,3,2,1,0,1,1,0,0,1,0,1,1,0,0,0,1,HIGH
7,1,2,3,1,0,1,0,1,1,0,1,0,1,0,1,1,0,HIGH
9,2,3,3,1,1,1,1,1,1,0,1,0,1,0,0,1,1,CRITICAL
7,0,3,4,0,0,0,1,0,1,0,0,1,1,1,0,1,1,HIGH
5,0,3,2,0,0,0,0,0,1,0,1,1,0,1,1,0,0,MEDIUM
4,1,2,0,1,0,1,1,1,0,1,0,0,0,0,0,0,0,MEDIUM
7,0,2,4,1,0,1,0,0,1,0,1,0,1,0,1,1,1,HIGH
4,0,4,0,0,0,0,1,0,1,1,1,0,0,0,0,0,0,HIGH
8,1,3,3,1,0,1,1,1,1,0,0,1,1,1,0,1,0,CRITICAL
5,1,2,2,0,0,0,0,1,1,0,0,1,1,0,0,0,1,HIGH
4,0,2,2,0,0,0,0,0,1,0,0,1,0,0,1,1,0,MEDIUM
6,1,2,2,1,0,1,1,1,0,1,0,0,1,0,0,0,1,HIGH
10,0,5,4,1,0,1,1,0,1,1,1,1,1,1,0,1,1,CRITICAL
6,0,2,3,1,0,1,0,0,1,1,0,0,0,1,1,0,1,MEDIUM
5,0,0,5,0,0,0,0,0,0,0,0,0,1,1,1,1,1,MEDIUM
7,1,3,2,1,1,1,0,0,1,1,1,0,0,1,1,0,0,CRITICAL
8,1,3,3,1,0,1,1,1,1,0,1,0,0,1,1,0,1,CRITICAL
6,1,3,2,0,0,0,1,1,0,0,1,1,1,0,0,1,0,CRITICAL
6,1,3,1,1,0,1,0,1,0,1,1,1,0,0,0,0,1,HIGH
3,0,0,3,0,0,0,0,0,0,0,0,0,1,1,0,0,1,LOW
3,1,2,0,0,0,0,0,1,0,1,1,0,0,0,0,0,0,MEDIUM
7,1,3,3,0,1,0,0,0,1,0,1,1,1,1,0,0,1,CRITICAL
7,1,2,4,0,0,0,0,1,1,0,1,0,1,1,1,0,1,CRITICAL
6,2,1,2,1,1,1,0,1,0,0,1,0,0,0,1,0,1,CRITICAL
9,2,3,3,1,1,1,0,1,1,1,0,1,1,0,0,1,1,CRITICAL
3,0,1,2,0,0,0,1,0,0,0,0,0,0,1,0,1,0,LOW
4,0,2,1,1,0,1,0,0,0,1,1,0,1,0,0,0,0,MEDIUM
6,1,3,2,0,0,0,0,1,0,1,1,1,0,1,0,1,0,CRITICAL
6,1,1,4,0,0,0,0,1,1,0,0,0,1,0,1,1,1,HIGH
5,2,1,2,0,1,0,0,1,0,0,1,0,0,1,1,0,0,HIGH
8,0,4,3,1,0,1,1,0,0,1,1,1,0,1,0,1,1,CRITICAL
6,1,2,3,0,0,0,1,1,0,0,0,1,0,1,0,1,1,HIGH
4,0,2,2,0,0,0,1,0,0,0,0,1,1,1,0,0,0,MEDIUM
7,2,2,2,1,1,1,1,1,0,0,1,0,0,1,0,1,0,CRITICAL
8,1,5,1,1,1,1,1,0,1,1,1,1,0,0,0,1,0,CRITICAL
7,1,3,2,1,1,1,0,0,1,0,1,1,1,0,0,0,1,CRITICAL
9,1,3,4,1,1,1,0,0,0,1,1,1,1,1,0,1,1,CRITICAL
7,2,3,2,0,1,0,1,1,0,1,1,0,1,0,1,0,0,CRITICAL
6,1,3,1,1,1,1,1,0,0,0,1,1,1,0,0,0,0,HIGH
6,2,2,1,1,1,1,0,1,0,1,1,0,0,1,0,0,0,CRITICAL
10,1,4,4,1,0,1,1,1,1,1,0,1,1,1,0,1,1,CRITICAL
4,1,1,2,0,1,0,0,0,0,1,0,0,1,0,0,0,1,MEDIUM
7,1,2,3,1,1,1,0,0,1,0,0,1,1,0,1,1,0,HIGH
9,1,3,4,1,0,1,1,1,1,0,0,1,0,1,1,1,1,CRITICAL
7,0,3,3,1,0,1,1,0,1,1,0,0,0,0,1,1,1,HIGH
4,0,4,0,0,0,0,1,0,1,1,1,0,0,0,0,0,0,HIGH
4,0,4,0,0,0,0,1,0,1,1,1,0,0,0,0,0,0,HIGH
8,1,4,3,0,0,0,1,1,1,0,1,1,0,0,1,1,1,CRITICAL
6,1,3,2,0,0,0,0,1,1,1,1,0,1,0,0,0,1,CRITICAL
5,1,2,2,0,0,0,0,1,1,1,0,0,0,1,0,0,1,HIGH
5,0,2,2,1,0,1,1,0,0,0,0,1,0,0,1,0,1,MEDIUM
7,1,3,2,1,1,1,1,0,0,1,1,0,0,1,1,0,0,CRITICAL
4,0,2,2,0,0,0,0,0,1,1,0,0,1,0,1,0,0,MEDIUM
5,0,1,4,0,0,0,1,0,0,0,0,0,1,1,1,1,0,MEDIUM
8,2,4,2,0,1,0,1,1,0,1,1,1,0,1,1,0,0,CRITICAL
7,1,2,4,0,0,0,0,1,0,0,1,1,1,1,0,1,1,CRITICAL
5,1,2,2,0,1,0,0,0,1,1,0,0,0,0,1,1,0,HIGH
6,2,2,2,0,1,0,1,1,1,0,0,0,0,1,1,0,0,CRITICAL
6,0,2,4,0,0,0,0,0,1,0,0,1,0,1,1,1,1,MEDIUM
4,1,2,1,0,0,0,0,1,0,1,1,0,0,0,0,0,1,HIGH
6,2,1,3,0,1,0,0,1,0,0,0,1,1,1,0,0,1,CRITICAL
10,1,4,4,1,1,1,1,0,1,1,0,1,1,1,0,1,1,CRITICAL
11,1,5,4,1,1,1,1,0,1,1,1,1,1,1,0,1,1,CRITICAL
6,1,2,2,1,0,1,1,1,1,0,0,0,1,0,0,0,1,HIGH
9,2,4,3,0,1,0,0,1,1,1,1,1,1,1,0,1,0,CRITICAL
5,0,2,3,0,0,0,0,0,0,1,1,0,1,1,0,0,1,MEDIUM
0,0,0,0,0,0,0,0,0,0,0,0,0,0,0,0,0,0,SECURE
7,1,2,4,0,1,0,0,0,0,0,1,1,1,1,1,1,0,CRITICAL
9,1,4,3,1,0,1,1,1,1,0,1,1,0,1,0,1,1,CRITICAL
5,0,0,5,0,0,0,0,0,0,0,0,0,1,1,1,1,1,MEDIUM
7,2,2,3,0,1,0,1,1,0,0,0,1,1,1,1,0,0,CRITICAL
0,0,0,0,0,0,0,0,0,0,0,0,0,0,0,0,0,0,SECURE
8,2,3,2,1,1,1,1,1,0,1,0,1,0,1,0,1,0,CRITICAL
5,1,2,2,0,0,0,0,1,1,0,1,0,1,1,0,0,0,HIGH
5,1,2,2,0,1,0,0,0,1,1,0,0,0,1,1,0,0,HIGH
6,1,2,3,0,1,0,0,0,0,1,1,0,1,1,0,1,0,HIGH
6,0,3,3,0,0,0,0,0,1,0,1,1,0,1,1,0,1,HIGH
3,0,1,2,0,0,0,0,0,0,0,0,1,0,1,0,1,0,LOW
6,0,1,5,0,0,0,0,0,1,0,0,0,1,1,1,1,1,MEDIUM
7,0,2,4,1,0,1,1,0,0,1,0,0,1,0,1,1,1,HIGH
4,0,4,0,0,0,0,1,0,1,1,1,0,0,0,0,0,0,HIGH
6,0,2,3,1,0,1,0,0,1,1,0,0,1,0,0,1,1,MEDIUM
5,1,2,2,0,0,0,0,1,0,1,0,1,0,0,0,1,1,HIGH
8,1,3,4,0,1,0,0,0,1,0,1,1,1,1,1,0,1,CRITICAL
8,1,3,3,1,0,1,1,1,1,0,0,1,1,0,1,1,0,CRITICAL
7,2,4,1,0,1,0,0,1,1,1,1,1,0,0,0,1,0,CRITICAL
1,0,0,0,1,0,1,0,0,0,0,0,0,0,0,0,0,0,LOW
8,2,4,2,0,1,0,1,1,0,1,1,1,1,0,0,1,0,CRITICAL
5,1,1,3,0,0,0,0,1,0,1,0,0,0,1,1,0,1,HIGH
10,2,3,4,1,1,1,1,1,0,1,1,0,1,1,0,1,1,CRITICAL
8,2,3,3,0,1,0,0,1,1,0,1,1,0,1,0,1,1,CRITICAL
4,1,1,2,0,0,0,0,1,0,0,0,1,0,1,0,0,1,MEDIUM
7,1,2,3,1,1,1,1,0,1,0,0,0,0,1,1,0,1,HIGH
8,2,2,3,1,1,1,1,1,0,0,0,1,1,0,0,1,1,CRITICAL
6,1,2,3,0,1,0,0,0,1,0,1,0,1,0,1,1,0,HIGH
4,0,1,2,1,0,1,0,0,0,1,0,0,0,0,0,1,1,MEDIUM
6,1,2,3,0,1,0,0,0,0,0,1,1,1,0,1,1,0,HIGH
8,1,3,4,0,0,0,0,1,1,0,1,1,1,1,1,0,1,CRITICAL
4,1,1,1,1,0,1,0,1,0,0,0,1,0,0,0,0,1,MEDIUM
6,1,2,3,0,1,0,0,0,1,0,1,0,1,1,1,0,0,HIGH
4,2,1,1,0,1,0,0,1,1,0,0,0,1,0,0,0,0,HIGH
10,2,3,4,1,1,1,1,1,0,0,1,1,1,1,1,0,1,CRITICAL
7,2,2,3,0,1,0,0,1,0,0,1,1,1,0,0,1,1,CRITICAL
9,2,3,3,1,1,1,1,1,0,1,1,0,0,0,1,1,1,CRITICAL
6,1,2,2,1,0,1,0,1,1,1,0,0,1,1,0,0,0,HIGH
8,2,3,3,0,1,0,1,1,0,1,1,0,1,0,0,1,1,CRITICAL
5,1,2,2,0,1,0,1,0,0,0,1,0,0,1,0,1,0,HIGH
9,1,4,4,0,0,0,1,1,1,1,1,0,1,0,1,1,1,CRITICAL
7,2,3,2,0,1,0,1,1,0,0,1,1,0,0,1,0,1,CRITICAL
5,1,2,2,0,0,0,0,1,1,0,1,0,0,1,0,1,0,HIGH
6,2,0,3,1,1,1,0,1,0,0,0,0,1,0,1,0,1,HIGH
8,1,2,5,0,0,0,0,1,1,0,0,1,1,1,1,1,1,CRITICAL
1,0,0,0,1,0,1,0,0,0,0,0,0,0,0,0,0,0,LOW
6,1,3,1,1,1,1,1,0,1,1,0,0,0,0,0,0,1,HIGH
7,1,2,3,1,1,1,1,0,0,1,0,0,1,1,0,1,0,HIGH
6,0,4,2,0,0,0,1,0,1,0,1,1,1,0,0,0,1,HIGH
8,1,3,4,0,1,0,1,0,0,1,1,0,1,1,1,0,1,CRITICAL
8,2,2,4,0,1,0,1,1,1,0,0,0,0,1,1,1,1,CRITICAL
4,0,4,0,0,0,0,1,0,1,1,1,0,0,0,0,0,0,HIGH
2,2,0,0,0,1,0,0,1,0,0,0,0,0,0,0,0,0,CRITICAL
9,1,4,3,1,0,1,1,1,1,0,1,1,1,1,0,0,1,CRITICAL
6,0,2,4,0,0,0,1,0,0,0,0,1,1,1,1,0,1,MEDIUM
9,1,3,4,1,1,1,1,0,1,0,1,0,1,1,1,1,0,CRITICAL
6,2,1,3,0,1,0,0,1,1,0,0,0,0,1,1,1,0,CRITICAL
7,0,4,3,0,0,0,1,0,0,1,1,1,1,0,1,0,1,CRITICAL
7,1,2,3,1,1,1,1,0,0,0,0,1,0,1,1,0,1,HIGH
5,1,3,1,0,1,0,0,0,1,0,1,1,0,0,0,1,0,HIGH
6,1,2,2,1,0,1,0,1,0,1,1,0,0,0,1,1,0,HIGH
6,2,1,3,0,1,0,0,1,0,0,0,1,1,1,1,0,0,CRITICAL
5,0,3,2,0,0,0,1,0,0,1,0,1,0,1,1,0,0,MEDIUM
5,0,3,2,0,0,0,0,0,0,1,1,1,1,1,0,0,0,MEDIUM
7,1,2,4,0,0,0,1,1,0,0,0,1,1,1,1,0,1,CRITICAL
5,2,0,3,0,1,0,0,1,0,0,0,0,1,0,0,1,1,HIGH
8,2,3,2,1,1,1,1,1,1,1,0,0,0,1,0,0,1,CRITICAL
5,1,2,2,0,0,0,1,1,1,0,0,0,0,1,1,0,0,HIGH
6,0,3,3,0,0,0,0,0,1,1,0,1,1,1,1,0,0,HIGH
8,1,2,5,0,1,0,0,0,1,0,1,0,1,1,1,1,1,CRITICAL
8,2,3,3,0,1,0,1,1,0,1,0,1,0,0,1,1,1,CRITICAL
8,2,2,3,1,1,1,1,1,1,0,0,0,1,1,0,0,1,CRITICAL
7,0,2,4,1,0,1,0,0,1,1,0,0,0,1,1,1,1,HIGH
9,2,3,4,0,1,0,1,1,0,1,1,0,0,1,1,1,1,CRITICAL
6,1,1,4,0,1,0,0,0,0,1,0,0,1,1,0,1,1,HIGH
5,0,0,5,0,0,0,0,0,0,0,0,0,1,1,1,1,1,MEDIUM
8,2,3,3,0,1,0,0,1,1,1,1,0,0,1,0,1,1,CRITICAL
4,0,2,1,1,0,1,1,0,0,0,0,1,1,0,0,0,0,MEDIUM
7,1,2,4,0,0,0,0,1,0,1,1,0,1,1,1,1,0,CRITICAL
7,1,2,3,1,1,1,1,0,1,0,0,0,0,1,0,1,1,HIGH
5,2,1,2,0,1,0,1,1,0,0,0,0,0,0,1,0,1,HIGH
6,2,1,3,0,1,0,0,1,0,1,0,0,0,1,1,0,1,CRITICAL
5,0,0,5,0,0,0,0,0,0,0,0,0,1,1,1,1,1,MEDIUM
4,0,3,1,0,0,0,0,0,1,1,1,0,0,0,1,0,0,MEDIUM
5,1,2,1,1,1,1,0,0,1,0,0,1,0,1,0,0,0,HIGH
7,0,3,3,1,0,1,0,0,1,1,1,0,0,1,1,1,0,HIGH
9,1,3,5,0,0,0,0,1,0,1,1,1,1,1,1,1,1,CRITICAL
7,0,3,3,1,0,1,1,0,1,0,1,0,1,1,0,1,0,HIGH
8,1,4,3,0,0,0,1,1,1,1,0,1,0,0,1,1,1,CRITICAL
7,0,3,3,1,0,1,1,0,1,1,0,0,0,1,1,0,1,HIGH
4,1,1,2,0,0,0,0,1,0,0,1,0,1,1,0,0,0,MEDIUM
5,1,3,1,0,0,0,0,1,1,1,0,1,0,0,1,0,0,HIGH
5,2,1,2,0,1,0,0,1,0,0,1,0,0,1,1,0,0,HIGH
8,0,4,4,0,0,0,1,0,0,1,1,1,1,1,1,1,0,CRITICAL
7,0,3,3,1,0,1,1,0,1,0,0,1,1,1,0,1,0,HIGH
5,1,4,0,0,0,0,1,1,1,0,1,1,0,0,0,0,0,CRITICAL
7,1,3,2,1,0,1,1,1,1,0,1,0,0,1,0,0,1,CRITICAL
7,1,4,2,0,0,0,1,1,1,1,0,1,1,0,0,1,0,CRITICAL
5,1,1,2,1,1,1,0,0,1,0,0,0,0,1,0,1,0,MEDIUM
8,1,4,3,0,0,0,1,1,1,0,1,1,0,0,1,1,1,CRITICAL
7,1,1,5,0,0,0,0,1,1,0,0,0,1,1,1,1,1,HIGH
5,1,2,2,0,0,0,1,1,0,0,0,1,0,0,1,0,1,HIGH
4,0,4,0,0,0,0,1,0,1,1,1,0,0,0,0,0,0,HIGH
5,0,0,5,0,0,0,0,0,0,0,0,0,1,1,1,1,1,MEDIUM
3,1,2,0,0,1,0,0,0,1,0,1,0,0,0,0,0,0,MEDIUM
7,1,4,2,0,1,0,1,0,1,1,1,0,0,1,0,0,1,CRITICAL
3,0,0,3,0,0,0,0,0,0,0,0,0,1,0,1,0,1,LOW
6,1,2,2,1,1,1,0,0,0,1,1,0,1,0,0,1,0,HIGH
7,2,1,3,1,1,1,0,1,0,0,0,1,0,0,1,1,1,CRITICAL
3,1,1,1,0,1,0,0,0,0,1,0,0,0,0,0,1,0,MEDIUM
5,1,2,2,0,0,0,1,1,0,1,0,0,0,0,1,1,0,HIGH
6,1,2,3,0,1,0,1,0,0,0,0,1,1,1,0,1,0,HIGH
8,2,2,4,0,1,0,1,1,1,0,0,0,1,0,1,1,1,CRITICAL
5,1,2,1,1,0,1,1,1,0,0,1,0,0,0,0,0,1,HIGH
7,0,3,4,0,0,0,1,0,0,0,1,1,1,1,0,1,1,HIGH
7,1,1,4,1,0,1,0,1,0,1,0,0,1,1,1,1,0,HIGH
11,1,4,5,1,0,1,1,1,1,1,1,0,1,1,1,1,1,CRITICAL
5,0,0,5,0,0,0,0,0,0,0,0,0,1,1,1,1,1,MEDIUM
7,1,3,2,1,0,1,1,1,0,0,1,1,1,0,0,0,1,CRITICAL
5,0,3,1,1,0,1,1,0,0,1,1,0,0,1,0,0,0,MEDIUM
8,1,3,4,0,1,0,1,0,0,1,1,0,1,1,1,0,1,CRITICAL
6,2,2,1,1,1,1,0,1,1,0,1,0,0,0,0,0,1,CRITICAL
5,0,0,5,0,0,0,0,0,0,0,0,0,1,1,1,1,1,MEDIUM
11,1,5,4,1,0,1,1,1,1,1,1,1,1,1,1,1,0,CRITICAL
9,2,3,3,1,1,1,1,1,1,1,0,0,0,1,1,1,0,CRITICAL
0,0,0,0,0,0,0,0,0,0,0,0,0,0,0,0,0,0,SECURE
5,1,1,2,1,1,1,0,0,1,0,0,0,1,0,0,1,0,MEDIUM
9,2,5,2,0,1,0,1,1,1,1,1,1,0,0,0,1,1,CRITICAL
4,1,1,2,0,0,0,0,1,0,0,0,1,1,0,1,0,0,MEDIUM
9,1,4,3,1,1,1,1,0,0,1,1,1,0,0,1,1,1,CRITICAL
6,1,2,3,0,0,0,0,1,1,0,1,0,1,0,1,0,1,HIGH
4,1,2,1,0,0,0,0,1,0,1,1,0,1,0,0,0,0,HIGH
4,1,0,2,1,1,1,0,0,0,0,0,0,0,0,1,0,1,MEDIUM
10,2,2,5,1,1,1,0,1,0,1,1,0,1,1,1,1,1,CRITICAL
7,1,2,3,1,1,1,0,0,1,1,0,0,1,1,1,0,0,HIGH
4,0,1,3,0,0,0,0,0,1,0,0,0,1,1,0,0,1,MEDIUM
0,0,0,0,0,0,0,0,0,0,0,0,0,0,0,0,0,0,SECURE
8,2,2,4,0,1,0,0,1,1,1,0,0,1,1,1,0,1,CRITICAL
6,0,3,2,1,0,1,1,0,0,1,0,1,1,0,0,0,1,HIGH
7,1,2,3,1,0,1,0,1,1,1,0,0,1,1,1,0,0,HIGH
8,0,4,3,1,0,1,0,0,1,1,1,1,1,1,1,0,0,CRITICAL
9,1,3,4,1,0,1,0,1,1,0,1,1,0,1,1,1,1,CRITICAL
2,2,0,0,0,1,0,0,1,0,0,0,0,0,0,0,0,0,CRITICAL
4,1,3,0,0,0,0,1,1,1,0,1,0,0,0,0,0,0,HIGH
9,1,4,3,1,1,1,1,0,1,0,1,1,1,1,1,0,0,CRITICAL
5,0,0,5,0,0,0,0,0,0,0,0,0,1,1,1,1,1,MEDIUM
8,2,2,3,1,1,1,0,1,0,0,1,1,0,1,0,1,1,CRITICAL
5,1,3,1,0,1,0,1,0,1,0,1,0,0,0,1,0,0,HIGH
0,0,0,0,0,0,0,0,0,0,0,0,0,0,0,0,0,0,SECURE
7,1,3,3,0,0,0,1,1,0,1,0,1,1,0,0,1,1,CRITICAL
8,1,2,5,0,0,0,0,1,0,1,1,0,1,1,1,1,1,CRITICAL
5,0,0,5,0,0,0,0,0,0,0,0,0,1,1,1,1,1,MEDIUM
7,1,3,3,0,1,0,1,0,1,0,1,0,1,0,0,1,1,CRITICAL
6,1,2,3,0,1,0,0,0,0,1,0,1,1,0,0,1,1,HIGH
11,2,5,3,1,1,1,1,1,1,1,1,1,1,0,1,0,1,CRITICAL
7,1,2,4,0,0,0,0,1,0,0,1,1,0,1,1,1,1,CRITICAL
8,2,2,3,1,1,1,0,1,0,0,1,1,0,1,0,1,1,CRITICAL
4,2,2,0,0,1,0,0,1,0,0,1,1,0,0,0,0,0,CRITICAL
7,1,2,4,0,0,0,1,1,0,1,0,0,1,1,1,0,1,CRITICAL
8,0,4,4,0,0,0,1,0,1,0,1,1,1,0,1,1,1,CRITICAL
7,1,2,4,0,1,0,0,0,0,0,1,1,1,1,0,1,1,CRITICAL
8,1,4,3,0,1,0,1,0,1,1,1,0,0,1,0,1,1,CRITICAL
5,2,0,3,0,1,0,0,1,0,0,0,0,1,0,1,0,1,HIGH
1,0,0,0,1,0,1,0,0,0,0,0,0,0,0,0,0,0,LOW
7,0,2,5,0,0,0,0,0,1,1,0,0,1,1,1,1,1,HIGH
5,0,0,5,0,0,0,0,0,0,0,0,0,1,1,1,1,1,MEDIUM
4,1,2,1,0,1,0,0,0,1,0,1,0,0,0,1,0,0,HIGH
5,1,2,1,1,0,1,0,1,1,1,0,0,0,0,0,1,0,HIGH
8,0,3,4,1,0,1,0,0,1,1,0,1,1,1,0,1,1,HIGH
8,2,3,3,0,1,0,1,1,0,1,0,1,1,1,1,0,0,CRITICAL
6,1,2,2,1,0,1,0,1,1,0,1,0,1,1,0,0,0,HIGH
3,0,1,2,0,0,0,0,0,0,0,0,1,0,1,1,0,0,LOW
6,0,4,2,0,0,0,1,0,1,1,0,1,0,0,1,1,0,HIGH
7,0,2,4,1,0,1,1,0,0,0,1,0,1,0,1,1,1,HIGH
5,0,3,2,0,0,0,0,0,0,1,1,1,0,0,0,1,1,MEDIUM
2,2,0,0,0,1,0,0,1,0,0,0,0,0,0,0,0,0,CRITICAL
5,0,2,2,1,0,1,0,0,1,0,0,1,0,1,0,1,0,MEDIUM
6,0,4,2,0,0,0,1,0,1,1,1,0,1,0,0,1,0,HIGH
6,0,3,3,0,0,0,1,0,1,0,1,0,1,0,0,1,1,HIGH
5,0,2,2,1,0,1,1,0,0,0,0,1,1,1,0,0,0,MEDIUM
9,0,4,5,0,0,0,1,0,0,1,1,1,1,1,1,1,1,CRITICAL
12,2,5,4,1,1,1,1,1,1,1,1,1,1,1,1,1,0,CRITICAL
8,2,3,3,0,1,0,1,1,0,0,1,1,0,1,1,1,0,CRITICAL
8,1,4,3,0,0,0,1,1,1,1,0,1,0,1,1,1,0,CRITICAL
8,1,2,4,1,0,1,0,1,1,1,0,0,1,0,1,1,1,CRITICAL
6,2,0,4,0,1,0,0,1,0,0,0,0,1,0,1,1,1,HIGH
5,0,3,1,1,0,1,1,0,0,0,1,1,0,0,0,1,0,MEDIUM
5,2,2,1,0,1,0,0,1,1,0,0,1,0,0,0,0,1,CRITICAL
3,1,1,0,1,0,1,0,1,0,1,0,0,0,0,0,0,0,MEDIUM
8,0,5,3,0,0,0,1,0,1,1,1,1,1,1,0,1,0,CRITICAL
4,1,2,1,0,1,0,0,0,1,1,0,0,0,0,1,0,0,HIGH
9,2,2,4,1,1,1,1,1,0,0,0,1,1,1,0,1,1,CRITICAL
6,1,2,3,0,0,0,0,1,0,1,1,0,0,1,1,0,1,HIGH
5,2,2,0,1,1,1,0,1,1,1,0,0,0,0,0,0,0,CRITICAL
7,1,2,3,1,1,1,1,0,0,0,0,1,1,0,0,1,1,HIGH
9,2,3,3,1,1,1,1,1,1,1,0,0,0,1,1,0,1,CRITICAL
5,0,2,2,1,0,1,1,0,1,0,0,0,0,0,1,1,0,MEDIUM
5,2,1,2,0,1,0,0,1,0,0,1,0,1,0,0,1,0,HIGH
0,0,0,0,0,0,0,0,0,0,0,0,0,0,0,0,0,0,SECURE
1,0,1,0,0,0,0,0,0,0,0,1,0,0,0,0,0,0,LOW
8,0,2,5,1,0,1,0,0,1,0,1,0,1,1,1,1,1,HIGH
7,2,4,1,0,1,0,1,1,1,1,1,0,1,0,0,0,0,CRITICAL
4,0,2,2,0,0,0,1,0,1,0,0,0,0,0,1,1,0,MEDIUM
7,1,2,4,0,1,0,0,0,0,0,1,1,1,1,1,0,1,CRITICAL
7,0,3,3,1,0,1,1,0,1,1,0,0,1,1,1,0,0,HIGH
4,1,2,1,0,0,0,0,1,0,1,1,0,0,1,0,0,0,HIGH
6,1,4,0,1,0,1,1,1,1,1,1,0,0,0,0,0,0,CRITICAL
6,0,3,2,1,0,1,1,0,1,0,0,1,1,0,0,1,0,HIGH
8,2,2,3,1,1,1,0,1,1,0,1,0,0,0,1,1,1,CRITICAL
4,0,1,3,0,0,0,0,0,1,0,0,0,0,1,1,0,1,MEDIUM
6,1,3,1,1,1,1,1,0,1,0,1,0,0,0,1,0,0,HIGH
7,1,3,3,0,0,0,1,1,1,1,0,0,0,1,0,1,1,CRITICAL
7,1,2,3,1,1,1,0,0,1,1,0,0,0,1,1,1,0,HIGH
4,0,4,0,0,0,0,1,0,1,1,1,0,0,0,0,0,0,HIGH
6,1,3,2,0,0,0,0,1,1,0,1,1,1,0,1,0,0,CRITICAL
9,1,4,3,1,0,1,1,1,1,1,0,1,1,0,1,0,1,CRITICAL
7,1,3,3,0,0,0,1,1,0,0,1,1,0,1,1,1,0,CRITICAL
8,1,3,4,0,1,0,1,0,0,1,1,0,1,1,1,0,1,CRITICAL
6,1,3,2,0,0,0,1,1,1,0,0,1,0,1,0,0,1,CRITICAL
2,2,0,0,0,1,0,0,1,0,0,0,0,0,0,0,0,0,CRITICAL
8,2,3,2,1,1,1,0,1,1,0,1,1,0,1,1,0,0,CRITICAL
8,1,3,3,1,0,1,1,1,1,0,0,1,0,0,1,1,1,CRITICAL
4,0,1,3,0,0,0,0,0,1,0,0,0,1,0,0,1,1,MEDIUM
10,1,4,5,0,0,0,1,1,1,0,1,1,1,1,1,1,1,CRITICAL
9,2,3,4,0,1,0,1,1,1,1,0,0,1,1,1,0,1,CRITICAL
7,1,2,3,1,1,1,0,0,1,0,1,0,1,0,1,0,1,HIGH
6,1,3,2,0,0,0,1,1,0,1,1,0,1,0,0,1,0,CRITICAL
6,1,1,3,1,0,1,1,1,0,0,0,0,0,0,1,1,1,HIGH
7,1,3,2,1,1,1,0,0,1,1,1,0,1,0,1,0,0,CRITICAL
4,1,1,2,0,1,0,0,0,0,1,0,0,0,1,0,0,1,MEDIUM
7,1,2,3,1,1,1,0,0,1,1,0,0,0,1,0,1,1,HIGH
8,2,1,4,1,1,1,0,1,0,1,0,0,1,1,0,1,1,CRITICAL
7,1,3,3,0,0,0,0,1,1,0,1,1,0,1,0,1,1,CRITICAL
5,0,3,2,0,0,0,1,0,0,0,1,1,0,1,0,0,1,MEDIUM
9,1,3,4,1,1,1,1,0,0,0,1,1,0,1,1,1,1,CRITICAL
6,1,3,2,0,1,0,1,0,1,1,0,0,0,1,0,0,1,CRITICAL
6,0,4,2,0,0,0,0,0,1,1,1,1,1,0,0,1,0,HIGH
4,0,3,0,1,0,1,0,0,0,1,1,1,0,0,0,0,0,MEDIUM
3,0,1,2,0,0,0,1,0,0,0,0,0,1,0,0,0,1,LOW
11,2,4,4,1,1,1,1,1,1,1,1,0,1,1,0,1,1,CRITICAL
5,1,1,2,1,1,1,0,0,0,0,1,0,1,0,0,1,0,MEDIUM
5,0,0,5,0,0,0,0,0,0,0,0,0,1,1,1,1,1,MEDIUM
6,1,2,2,1,0,1,1,1,1,0,0,0,1,1,0,0,0,HIGH
4,2,1,1,0,1,0,1,1,0,0,0,0,0,0,0,1,0,HIGH
5,1,2,2,0,0,0,0,1,1,0,0,1,1,0,1,0,0,HIGH
8,1,3,4,0,1,0,1,0,1,0,0,1,1,0,1,1,1,CRITICAL
9,1,2,5,1,1,1,0,0,1,1,0,0,1,1,1,1,1,CRITICAL
6,1,3,2,0,0,0,1,1,1,1,0,0,1,0,0,1,0,CRITICAL
10,2,4,4,0,1,0,0,1,1,1,1,1,1,1,0,1,1,CRITICAL
6,1,3,2,0,0,0,0,1,1,0,1,1,0,1,1,0,0,CRITICAL
5,0,3,1,1,0,1,1,0,1,0,0,1,0,0,0,0,1,MEDIUM
5,0,3,2,0,0,0,0,0,1,0,1,1,1,0,0,1,0,MEDIUM
7,1,3,2,1,1,1,0,0,0,1,1,1,0,0,1,1,0,CRITICAL
8,0,3,4,1,0,1,0,0,1,0,1,1,1,0,1,1,1,HIGH
6,1,3,2,0,1,0,1,0,0,0,1,1,0,0,1,0,1,CRITICAL
8,2,3,3,0,1,0,0,1,1,0,1,1,1,0,0,1,1,CRITICAL
5,2,2,0,1,1,1,0,1,0,1,0,1,0,0,0,0,0,CRITICAL
